:020000040800F2
:10000000F84D002001010008090100080B0100085B
:100010000D0100080F010008110100080000000098
:1000200000000000000000000000000013010008B4
:10003000150100080000000017010008151700084E
:100040001B0100081B0100081B0100081B01000820
:100050001B0100081B0100081B0100081B01000810
:100060001B0100081B0100081B0100081B01000800
:100070001B0100081B0100081B0100081B010008F0
:100080001B0100081B0100081B0100081B010008E0
:100090001B0100081B0100081B0100081B010008D0
:1000A0001B0100081B0100081B0100081B010008C0
:1000B0001B0100081B0100081B0100081B010008B0
:1000C0001B0100081B0100081B0100081B010008A0
:1000D0001B010008C11700081B0100081B010008D4
:1000E0001B0100081B0100081B010008DFF80CD0F1
:1000F00000F05EFA00480047B9820008F84D002081
:100100000648804706480047FEE7FEE7FEE7FEE7B1
:10011000FEE7FEE7FEE7FEE7FEE7FEE72117000841
:10012000ED00000830B505462A460B4612F8010BD3
:1001300013F8014B08B1A042F8D01CB1002802D03E
:100140006D1CF1E7284630BDCAB2401E10F8011FF1
:100150008A4202D00029F9D100207047421C10F8D1
:10016000011B0029FBD1801A704710B5002200E066
:10017000521C835C8C5CA34201D1002BF8D1D8B215
:10018000E1B2401A10BD30B504460020034600E03D
:100190005B1C934203D2E05CCD5C401BF8D030BDC9
:1001A000034611F8012B00F8012B002AF9D118465B
:1001B000704730B50B46014600202022012409E09B
:1001C00021FA02F59D4205D303FA02F5491B04FA10
:1001D00002F52844151EA2F10102F1DC30BD2DE923
:1001E000F05F0546002092469B46884606468146BB
:1001F00040241BE0284641464746224600F0F9F9D4
:1002000053465A46C01A914110D311461846224609
:1002100000F0E0F92D1A67EB01084F462246012055
:10022000002100F0D7F917EB00094E41201EA4F180
:100230000104DFDC484631462A464346BDE8F09FCC
:100240002DE9FE4F804681EA0300C00F0C46009066
:1002500021F0004123F00045B8EB0200A94105D28E
:100260004046214690461C460B46024623F000407D
:10027000104347D0270DC7F30A00C3F30A51029079
:10028000401A019040286BDAC3F3130040F4801B3E
:100290000098924620B10023D2EB030A63EB0B0BCC
:1002A00001985946C0F14002504600F093F90646C5
:1002B0000D4650465946019A00F0ABF910EB080084
:1002C0006141002487EA115284EAE7731A4340D05F
:1002D000009A62B3019A012A4FEA075215DC001B0B
:1002E00061EB02014FF0004202EA0752CDE9004201
:1002F000001C41F5801132462B4600F0ABF903B0EB
:10030000BDE8F08F40462146F9E7001B61EB020192
:10031000001C41F5801300185B412018A2F500175E
:1003200047EB030140EAD570B6196D4111E06D0845
:100330004FEA360645EAC0754FEA0752001B61EBEB
:100340000201001C41F5801149084FEA30000019F4
:10035000514132462B4603B0BDE8F04F00F06BB977
:100360000098012240000023D0EB020263EBE0730F
:10037000009821464FEAE074B8EB000061EB0401FD
:10038000E9E783F000435BE781F0004158E72DE99E
:10039000FE4F81EA030404F0004421F00041009480
:1003A0004FF0000B23F0004350EA01045ED052EA04
:1003B00003045BD0C3F30A54C1F30A552C44A4F2DE
:1003C000F3340194A0FB0254C1F3130141F48011F2
:1003D000C3F3130343F4801301FB024400FB034EF9
:1003E000840A970A44EA815447EA8357A4FB0768C2
:1003F00002958D0A05FB07854FEA932C04FB0C54EC
:100400002705029D4FEA065847EA1637B5EB08055F
:100410006EEB070C870E920E47EA811742EA8312B1
:10042000A7FB0201B6EB0B0164EB00042B0D43EAC2
:100430000C335E1844EB1C50DA465146E7FB0201D0
:10044000C5F313044FEA0B3343EA14534FEA043263
:10045000019C43EA0603A4F10C040294009CCDE93C
:1004600000B400F0F7F803B0BDE8F08F00200146BB
:10047000F9E72DE9F04D81EA030404F0004B21F087
:10048000004514464FF0000A23F0004150EA0502EF
:1004900020D054EA01021DD0C5F30A570246C5F325
:1004A0001303C1F31300C1F30A5640F4801543F45B
:1004B0008013A7EB0608101BD64608F2FD3873EB35
:1004C000050002D308F1010801E092185B41B8F180
:1004D000000F03DA00200146BDE8F08D00204FF444
:1004E0008011064684460EE0171B73EB050705D303
:1004F000121B63EB050306434CEA010C49084FEA63
:10050000300092185B4150EA0107EDD152EA030036
:1005100012D082EA040083EA0501084305D0101BCB
:10052000AB4106D20122002306E000224FF0004337
:1005300002E06FF0010253101AEB06004CEB085179
:1005400010EB0A0041EB0B01BDE8F04D00F073B871
:10055000C1F30A52C1F3130140F2FF3341F4801199
:100560009A4202DA00200146704740F233439A4231
:10057000A2F2334202DC524200F03BB800F02AB84B
:1005800030B5041E71F1000404DB4FF0004440421A
:1005900064EB0101141E73F1000405DB1C464FF0EF
:1005A0000043524263EB0403994208BF904230BDBE
:1005B000064C074D06E0E06840F0010394E80700B0
:1005C00098471034AC42F6D3FFF794FD6CEE000868
:1005D0008CEE0008202A04DB203A00FA02F1002009
:1005E00070479140C2F1200320FA03F31943904071
:1005F0007047202A04DB203A21FA02F000217047DC
:1006000021FA02F3D040C2F120029140084319467A
:100610007047202A06DBCB17203A41FA02F043EA62
:10062000E07306E041FA02F3D040C2F120029140AB
:1006300008431946704710B5141E73F1000408DA18
:10064000401C41F1000192185B411A4301D120F096
:10065000010010BD2DE9F04D92469B4611B1B1FA53
:1006600081F202E0B0FA80F220329046FFF7B2FF4A
:1006700004460F4640EA0A0041EA0B0153465A4637
:10068000084313D0114653EA010019D0C8F14002C3
:100690005046FFF7AEFF05460E46504659464246C5
:1006A000FFF798FF084305D0012004E020463946B3
:1006B000BDE8F08D0020054346EAE0762C43374341
:1006C0000A986305E40AA0EB08000022FD0A44EA48
:1006D00047540A3002D500200146E9E70105101908
:1006E0006941DDE9084500196941BDE8F04DA2E71F
:1006F00010B5431A934209D28318881803E010F802
:10070000011D03F8011D521EF9D210BD40EA01037C
:100710009B0703D009E008C9121F08C0042AFAD2B7
:1007200003E011F8013B00F8013B521EF9D210BD65
:10073000D2B201E000F8012B491EFBD27047002223
:10074000F6E710B513460A4604461946FFF7F0FFD0
:10075000204610BDF0B480EA0102D40F4200B2EB93
:10076000410F02D20246084611464A0042D0C30D4C
:10077000DDB2C1F3C752AD1A202D35DAC1F316012F
:1007800041F4000204B15242C5F1200602FA06F11A
:100790002A411044B3EBD05F23D0C4B1012DA0EBAC
:1007A000C35009DCF0BC4FF0004202EAC352DBB296
:1007B00000F5000000F040B9400000F1807000EB4F
:1007C000C350A0F1807040EAD170490009E04908A7
:1007D00041EAC071A0EBC35000F50000400800EBF7
:1007E000C350F0BC00F01FB96142012202EB41018D
:1007F000001BF6E7F0BC704781F00041AAE780F0EB
:100800000040A7E780EA010210B502F00043400073
:1008100022D04A001FD0010E01EB1261C0F3560036
:10082000C2F3560240F4000042F40002A0FB022092
:1008300000047F39140400D0401C50EA124001D457
:100840004000491EC2B20C0604EBD010401C400808
:10085000802A02D003E0002010BD20F00100002912
:1008600000DA0020184310BD30B480EA010202F023
:10087000004530F0004221F0004013D090B1C30D8C
:10088000D40DC2F31601C0F31600E41A41F40001BE
:1008900040F400027D34914201D3641C00E0490021
:1008A000002C02DA30BC002070474FF40000002317
:1008B000914201D3891A034340084FEA4101F7D11D
:1008C00051B1914202D14FF0004105E002D24FF008
:1008D000010101E06FF0010103EBC450284430BC7A
:1008E00000F0A1B8002801DBC0F10040002901DBC5
:1008F000C1F10041814201D80120704700207047BA
:10090000002801DBC0F10040002901DBC1F10041FA
:10091000814201D20120704700207047002801DB8E
:10092000C0F10040002901DBC1F10041814201D347
:100930000120704700207047002801DBC0F1004013
:10094000002901DBC1F10041814201D9012070473A
:1009500000207047002801DBC0F10040002901DBC6
:10096000C1F10041814201D1012070470020704750
:10097000C10F80EAE0700844CA079623002100F006
:100980005BB896230022114600F056B80EB540F22F
:10099000334102910021CDE900110A460B46FFF7D1
:1009A00059FE03B000BD00F0004220F00040C10D30
:1009B000C0F3160040F400007F2901DA00207047E0
:1009C000962903DCC1F19601C84001E096398840C0
:1009D000002AF4D04042704720F00040C10DC0F31F
:1009E000160040F400007F2901DA002070479629A4
:1009F00003DCC1F19601C8407047963988407047C2
:100A000000F0004230F000400AD0C10D01F56071E5
:100A1000C0F3160042EA0151C20840071143704773
:100A20000020014670470029A8BF7047401C4900BC
:100A300008BF20F00100704710B4B0FA80FC00FA43
:100A40000CF050EA010404BF10BC704749B1CCF16E
:100A5000200421FA04F411FA0CF118BF01212143FA
:100A60000843A3EB0C01CB1D4FEA00614FEA1020B5
:100A700042BF002010BC704700EBC3501044002957
:100A8000A4BF10BC7047401C490008BF20F0010003
:100A900010BC7047EFF3108072B601F043F9FCE729
:100AA000ED490130CA6ACB6A9B1A8342FBD3704777
:100AB0002DE9FC4F5E4A04234FF0000A4FF0010875
:100AC0004FF00009904208BF0323009300250C68F3
:100AD00034FA05F208BFBDE8FC8F08FA05FE14EAF7
:100AE0000E0F00F0A1804F68032F16D9112F26D0CA
:100AF000122F28D0524A974213D0524A974210D010
:100B0000514A97420DD0514A97420AD0504A9742D3
:100B100007D0504A974204D022E0DFE807F00218DD
:100B20001B1F8C6844B1012C14BFC0F814E0C0F83E
:100B300010E04FF0080913E04FF0040910E0CC6812
:100B400004F104090CE0CC6804F10C0908E0D1F8C8
:100B50000C9005E0CC6804F1080901E04FF00009B1
:100B600054460746082D4FF00F0228BF203C28BFEF
:100B700004373B6802FA04F609FA04F4B34323434A
:100B80003B60CB79DB064FD52C4A2A4C1368A4F581
:100B90007E7C43F00103136013682F4A03F00103C6
:100BA00090420193019B25F003035CF803B008D049
:100BB0002A4A904207D02A4A009E904208BF022645
:100BC00002E0002600E001260AF00C030F22AF0825
:100BD00002FA03F406FA03F3164E174A2BEA04044A
:100BE00023434CF827304F68FB02B36854BF23EA15
:100BF0000E0443EA0E04B460BB02136854BF23EA38
:100C00000E0443EA0E041460BB03736854BF23EA66
:100C10000E0443EA0E047460FB03336854BF23EAF6
:100C20000E0243EA0E0232600AF1040A01354EE771
:100C300000140140000401400C040140181002405F
:100C400000001110000012100000211000002210FE
:100C5000000031100000321000080140000C01407B
:100C600000100140CD48C06A704700BF10B50F4961
:100C70004FF47A728968B1FBF2F14A1E0021B1EBA0
:100C8000126F11D10A4BF0245A600A4A147099600D
:100C900007210F28196007D84FF0FF300F2100F00F
:100CA0000BF8BE480121017010BD00BF00000020FC
:100CB00010E000E023ED00E010B5104A00F00F0353
:100CC0000F4C043B02442344002848BF03F10C02AC
:100CD00020684FF0FF34C0F30220C31E80F00700ED
:100CE00038BF0023042828BF042004FA00F021EABA
:100CF000000098400001107010BD00BF00E400E04B
:100D00000CED00E0F8B5A64D14460A4695F85110D2
:100D1000012919D16E68B6F5827F0BD1A96849B94E
:100D20000421234685F85110014601B0BDE8F0408A
:100D300000F038B9DFF894CEDCF82C3030B12AB1AD
:100D400095F85070012F03D10220F8BD0120F8BDA5
:100D50000427012185F8517000276F65EA8785F81F
:100D60005010AA87A863AF862F63C5E91077EF8676
:100D7000A9682A68B1F5004F07D1116821F0400138
:100D80001160116821F4804111601168490603D493
:100D9000116841F040011160E96829B32A68E98FC0
:100DA00031B39168C90705D1DCF82C10C91AA142EA
:100DB000F5D331E0D16820F8021BA863E98F01392F
:100DC000E987ECE72A689168C90705D1DCF82C109F
:100DD000C91AA14208D31FE0117B0170A86B013032
:100DE000A863E98F0139E987E98F0029EAD16E68A4
:100DF000B6F5827F18D1A868B0F5004F02D0B0F5E3
:100E0000806F11D12968B0F5806F0A6822F0400226
:100E10000A6009D1012008E0002085F85000012077
:100E200085F851000320F8BD80200021224600F003
:100E30001FFC28B1686D40F02000686520206865BF
:100E4000012085F85100002085F85000686D0028C9
:100E500018BF0120F8BD00BF78000020F8B5E54DAF
:100E6000BC4C0B46E96A94F85160012E05D130B1B3
:100E70002BB194F85060012E03D10220F8BD01205F
:100E8000F8BD0326012784F8516000266665E386D5
:100E900084F85070A3862063A687A663C4E9106611
:100EA000E687A7682668B7F5004F07D1376827F0AF
:100EB00040073760376847F48047376037687F06F8
:100EC00003D4376847F040073760E768D4F804C0B8
:100ED000B7F5006F1ED1BCF1000F18BF012B06D172
:100EE00030F8023BF3602063E38E013BE386236826
:100EF000E68E86B39E68B60704D4EE6A761A9642EA
:100F0000F6D343E030F8026BDE602063E68E013EEC
:100F1000E686EDE7BCF1000F18BF012B07D1007882
:100F20003073206B01302063E38E013BE38623683E
:100F3000E68E86B19E68B60704D4EE6A761A9642AB
:100F4000F6D323E000781873206B01302063E68E1F
:100F5000013EE686ECE7104600F070FB08B1202069
:100F60006065A06838B9002000902068C1680091D1
:100F7000806800900098012084F85100002084F8D7
:100F80005000606D002818BF0120F8BD002084F8D3
:100F90005000012084F851000320F8BD78000020A3
:100FA000841A0020F8B5DFF88CCF6A4E8E46DCF844
:100FB0002C1096F85170012F07D120B1BEF1000F0F
:100FC00018BF002A0BD101250EE07568B5F5827FA8
:100FD00009D1B46802253CB9042FEED004E096F89C
:100FE0005040012C02D102252846F8BD012486F884
:100FF000504096F85140042C1CBF052486F85140FF
:1010000000247465F287F286C6F838E0B287306350
:10101000C6E91044B28635682C68640603D42C688F
:1010200044F040042C60F4687768B4F5006F33D165
:101030000FB1012A06D130F8022BEA603063F28E3C
:10104000013AF28632680125F48E14B9F48F002C2F
:1010500060D09468A4070BD5F48E4CB1012D07D154
:1010600030F8024B0025D4603063F48E013CF486E6
:101070009468E4070AD0F48F44B1D46801252EF8AF
:10108000024BC6F838E0F48F013CF487DCF82C40C2
:10109000641A9C42D8D335E00FB1012A07D10078F9
:1010A0002873306B01303063F08E0138F0860120F8
:1010B000F28E0AB9F28F6AB332689468A4070DD52C
:1010C000F48E5CB1012809D1306B00781073306B5D
:1010D00001303063F08E0138F08600209468E40718
:1010E0000BD0F48F4CB1B06BD2680270B06B013092
:1010F000B063F08F0138F0870120DCF82C20521A01
:101100009A42D5D30020032586F85000012086F8A6
:10111000510069E7184600F091FA28B1002086F8DE
:101120005000202070654EE7B06838B9002000906C
:101130003068C1680091806800900098012086F8AE
:101140005100002086F85000756D002D18BF012554
:101150004AE700BF841A00202DE9F0414A4E1446A8
:1011600096F85220202A1CBF0220BDE8F081A8B3C7
:10117000A1B34FF000082222C6F8548086F852200E
:10118000424AC6F84080B187D56AF18700F0D7F9A6
:101190000CBF80460746F08F18B3202000F061F99D
:1011A00008BB5FB1B069B0F5805F0FD008B9306A95
:1011B00060B13069406800F07F0009E030690027C5
:1011C00040686FF35F2028F8020B03E03069406845
:1011D00007F8010BF08F0138F087DCE70120BDE84C
:1011E000F081002000E00320202186F85210BDE8A5
:1011F000F08100BF780000202DE9F041224E144616
:1012000096F85120202A1CBF0220BDE8F08138B397
:1012100031B34FF000082122C6F8548086F85120DF
:101220001A4AB186D56AF18600F089F90CBF80466A
:101230000746F08EB8B1802000F013F9F0B927B15D
:1012400017F8010B3169486006E038F8021B306975
:1012500000276FF35F214160F08E0138F086E8E7E8
:101260000120BDE8F081402000F0FBF8202186F845
:101270005110002818BF0320BDE8F081202086F817
:1012800051000320BDE8F0816401002078000020B7
:101290002222C8234FF4C574CDE90221CDE90043D1
:1012A0000490404659465246702304F07FBACDE977
:1012B0000000284604F0CAB8BDF98403BDF98613BE
:1012C000BDF98823BDF98A33BDF98C43BDF88E532F
:1012D000CDE90045704741F20510772127220F2301
:1012E0000090704746904698786940F00400786115
:1012F000786900F0040046900320059002200390D6
:10130000704720460AF086BE049040465946524631
:10131000082304F04BBA0490404659465246142321
:1013200004F044BACDE90221CDE9004304904046DF
:1013300059465246072304F039BA404659465246A8
:101340007047CDE90076049404F030BA406DC86669
:10135000082081F86400062000F0CABABDF88C436A
:10136000BDF98403BDF98613BDF98823BDF98A331D
:10137000009470470BFB00F000F1AF040B202146F6
:101380000AF0E2BB4946CDF81480CDE903A50290EE
:10139000204658474FF4A07228230AF0F1BA4FF4C0
:1013A000A072FFF7A5B9CDE90001204640214246D1
:1013B0000AF030BE012101FA00F0D5F84012484091
:1013C000C5F840027047002409202325892670476C
:1013D000234600920322019200287047009042F6B3
:1013E0002920019001200AF0EDB82046FFF708BB44
:1013F000049040465946524604F0D8B940F2811153
:1014000089222123704798F8700099F87010814262
:101410007047D9F85C00D8F85C10FFF79BBAD9F890
:101420005400D8F85410FFF795BAD9F84C00D8F802
:101430004C10FFF78FBACDE90001584618210AF089
:10144000E9BDCDE9004404F001B84FF4A1710D22CB
:101450004EF69E73CDE9000470470146204604F025
:10146000DDB82946224600F05DB9404604F09EB939
:101470000090742006F0F2BC009014200AF0D2B85C
:10148000009014200AF04CBA019020460AF074BB78
:101490004FF4D4710E2248F66663CDE9000670471A
:1014A000C1F8220041F2E4004FF4927100907047BD
:1014B000D9F89000D8F89010FFF74CBAD9F88C0002
:1014C000D8F88C10FFF746BAD9F88800D8F88810F9
:1014D000FFF740BAD9F88400D8F88410FFF73ABA79
:1014E000CDE903104046594604F060B9D9F88000B0
:1014F000D8F88010FFF72EBAD9F87C00D8F87C1005
:10150000FFF728BAD9F87800D8F87810FFF722BA90
:10151000D9F82C00D8F82C10FFF71CBA0C224EF684
:101520009E73704707B0BDE8F08F05B0BDE8F08F3F
:10153000691AB1FA81F14909CDE900017047B16931
:10154000326A81F4805151EA02077047062003F0A5
:10155000C9BF234600920222019200287047CDE9BC
:101560000047CDE90265CDF810907047CDE90076CF
:10157000CDE902457047B0FA80F04009704700217C
:10158000002250470021284485F8CC127047B2F958
:101590001600B2F91A10B2F91C2070470B224EF651
:1015A0009E737047009401908E200AF0E5BA41F2D4
:1015B00005104121CD224FF4B6737047C0F82210B8
:1015C00041F2051070474046594604F0EFB82146F5
:1015D0004FF495721923CDE90006704721464FF468
:1015E00096721D2370471621092248F2E453CDE973
:1015F000000470472046FFF783B920460AF00ABD71
:101600002046FFF7FFB8842100F020BD00203146BE
:101610003A4643460090484670475946524614237E
:10162000704706220623009060204047182120467C
:101630000AF0F0BCCDE9025404F0B8B870B50C461D
:101640000546022001212A46234600F011F838B948
:10165000802000212A462346002600F009F828B100
:101660002B480326416D41F020014165304670BD95
:10167000F8B5E24CDFF898C0E56A5B1B9D189B4A01
:101680009268E66AC2F3CB326A430092DCF800301B
:101690009F6807403F1AB7FA87F77F098F4204BF58
:1016A0000020F8BDE76ABF1BAF4207D2009F009A37
:1016B000013A0092002F08BF3D46E9E7586820F044
:1016C000E0005860DCF80400B0F5827F0BD1DCF854
:1016D0000800B0F5004F02D0B0F5806F03D1186854
:1016E00020F040001860DCF82800B0F5005F07D15A
:1016F000186820F400501860186840F40050186012
:1017000000208CF8500001208CF851000320F8BD17
:10171000841A0020B948C16A0131C162704700BF14
:101720007047000078B53F4BB44D1C6926680640F1
:10173000864204BF002078BDEE6A761A964284BFC6
:10174000032078BDE6687607F0D54028EED08028E3
:10175000ECD026683607E9D500200090206800907C
:10176000606800900098186950E8030F196920F428
:10177000907041E80302002AF5D1186950E8050F7E
:10178000196920F0010041E80502002AF5D1186C22
:10179000012809D1186950E8030F196920F01000D9
:1017A00041E80302002AF5D1202083F852000020EE
:1017B000186483F8500008205865012078BD00BFE8
:1017C00000F0B0BA0D48BFF34F8F0D4A016801F425
:1017D000E06111430160BFF34F8F00BFFDE700BF21
:1017E0000648BFF34F8F064A016801F4E0611143D8
:1017F0000160BFF34F8F00BFFDE700BF0CED00E0BD
:101800000400FA05E0B58DF807000DF1070001218D
:101810006422FFF7F1FC00B98CBD0248EA49FFF7EA
:1018200095FD00BF640100202DE9F84306462C48D1
:101830000C462C4F016841F080710160386840F01F
:10184000010038600320D7F804808DF80000300ACA
:101850008DF803608DF80200300C8DF80100002037
:10186000B0EB124F2DD120494FF480101546642261
:101870000860894668460421FFF7F0FA20B9A9B24A
:101880002046C822FFF73EFA1021C9F800107968F7
:10189000A1EB0802CC498B684F6B3A444A634FF482
:1018A0007A72B3FBF2F24B6BB3FBF2F28A620A6B11
:1018B0002A440A6338B10A228E6581F86420FFF752
:1018C0005AFEBDE8F883002EF9D1042DF7D300228B
:1018D000042AF4D0A35C8D18013285F85E30F7E756
:1018E000FCED00E0001000E01008014000000020C6
:1018F00084B0062888BF002003900FF2D00927A1EA
:101900003F4EDFF804B120F0040001283B4808BF37
:1019100089466421C06B00EB800001EB800A5021F6
:1019200001EB80073C2101EB8004282101EB8008BA
:101930004546B5F5F07F2ED230484FF4207105644E
:101940003046FEF7FCFE2F4A082041464FF2CA23DC
:10195000D84703982DA14FF2CA2351F82020082020
:101960002146D847082039464A464AF6D753D84731
:101970002D4A082051464AF6D753D8474FF4A07055
:10198000A9B24FF4A072012300960190002000F04C
:1019900015FA0135CDE7FFF77DF800BFD09FD0A045
:1019A000D09ED092D095D0A0D0ACD0A2D09520D04F
:1019B0009FD09ED094D09AD09BD0AED0A7D095D0B7
:1019C0009DD098D09520464C41534800D09ED09150
:1019D000D09DD09ED092D098D0A2D09520D0A0D02B
:1019E00095D0A1D0A3D0A0D0A1D0AB20D0ADD09A1B
:1019F000D0A0D090D09DD0900000000078000020B2
:101A0000E4060020ACE000089D1E0008FBD700089B
:101A100040D8000857E200082FE20008ADDF0008B8
:101A2000E8DE0008F1DF00087AE100082DE9F04F58
:101A300087B0DFF894C104460628084628BF06246C
:101A4000642928BF6420DCF800E074450BD1DCF881
:101A50000420904201D1FFF765BD632903D8821AA3
:101A600001D3052AF7D3594E00250022776B944203
:101A700006D027FA02F3013203F001031D44F6E712
:101A8000012205EB85050DF11708A2401743776386
:101A90002427BEF1630918BF07EB8509382707EB38
:101AA0008503BEF1630F4A4F08BF4FF4F0730393F1
:101AB0006329B36B94BF23EA02021A43B263F6258B
:101AC000CCE900402522ADF81A206422B0FBF2F2E6
:101AD00042F030028DF817200A22B0FBF2F303FB2C
:101AE0000505B3FBF2F202EB820245F03005A3EBF1
:101AF00042028DF81950012542F030020A284FF0B9
:101B000001008DF8182038BF0220642938BF8044B6
:101B1000039881459FD238464FF42071CDF810903C
:101B2000C6F84090FEF70BFE0820102129A24EF6C1
:101B30009E7300F0B3F94FF0000B4FF00009B9F1BC
:101B4000070F2DD0706B05FA09FA10EA0A0F24D09E
:101B50002BA028214AF6D75350F829200BEB8B00F5
:101B600001EB80070820394600F098F92BA24C457C
:101B70004EF69E7108BF4246B06B10EA0A0028A0DC
:101B800018BF0246274808BF084683B239464FF4BB
:101B9000887000F083F90BF1010B09F10109CEE720
:101BA000DDF810900A4F4FF4A0704FF4A07201239B
:101BB000C6F83CB0019000201FFA89F1009700F0B0
:101BC000FDF809F10109A3E70000002078000020DA
:101BD000E4060020D098D09DD098D0A6D098D09080
:101BE000D09BD098D097D090D0A6D098D0AF20D00E
:101BF000A1D098D0A1D0A2D095D09CD0AB000000AD
:101C0000F9E000080ED8000829D800081AE00008FA
:101C1000CFDF0008B6E200082EDE00082E2E2E00D0
:101C20004F4B0000668EFFFF1CB501468DF8070084
:101C30002020104A8DF80400080A8DF80600080CD0
:101C40008DF805000020114213D1344A914210D37F
:101C500003F090FCFFF77AFC314C4FF48010042124
:101C6000206001A809F031FC1020206003F082FC04
:101C700001201CBDFF0FE0FF284B984208D3B0F5B0
:101C8000001F05D8C0F50013934228BFFFF7CCBD55
:101C9000002070472DE9F84F06462048864207D3BA
:101CA000B6F5001F04D8C6F500101446904202D2C3
:101CB0000020BDE8F88F0D464FF4801AE8464FF03B
:101CC000100B44B302208DF803608DF80000300A39
:101CD0008DF80200300C8DF8010003F04BFCFFF78B
:101CE00035FC0F4804218146C0F800A0404609F0A9
:101CF000ECFBF0B2C0F580772846A74228BF274604
:101D0000394609F0E2FBC9F800B0E41B3E443D440B
:101D100003F030FCD5E70120BDE8F88F0050120039
:101D2000100801401FB51E48006948B3016811F052
:101D3000280F25D0406809070FD01A4800210163F9
:101D40001948009018A0D0E90112C068CDE901122D
:101D50000390684600F0A6FA1FBDEFF3108181B131
:101D60001049C0B214A3A0F150040A6BB4FA84F471
:101D700064099B5C834208BF541C0C63042C0BD089
:101D80001FBD002101228DF80D0001918DF800206A
:101D900002918DF80C10DCE700200863FFF712FDBC
:101DA0006401002078000020020000000000000014
:101DB0000000000000000000504348522DE9F043AD
:101DC000B1B0002A64D01D46002B61D00E46010A36
:101DD0008DF8C10010440DF1C0081446DDE93879D2
:101DE000042201388DF8C01041468DF8C300000A66
:101DF0008DF8C2002A2006F051F8300A414604222C
:101E00008DF8C1608DF8C000701901388DF8C300DD
:101E1000000A8DF8C2002B2006F040F81E4E4FF04D
:101E2000004030604FF0005030602C2006F02AF85F
:101E30004FF40050B046306005FB04F06D46461E7E
:101E40000020711C1BD037F8021B09BA090C29525B
:101E50000230C02804D12846C02109F036FB0020FA
:101E60005EB1B6FBF4F101FB146100294FF00001F3
:101E700008BFA9EB040107EB4107013EE1E718B1F8
:101E800081B2684609F021FB4FF40040C8F8000019
:101E900031B0BDE8F08300BF100C01402DE9F04FD8
:101EA000234CDFF894C0DFF894E004EB4009BE4C0B
:101EB000D4F840B01778CFB3C02F07D3547802328C
:101EC00004F03F0467F38A14274600E0013200243F
:101ED000E046352C26D03EF81460B74203D008F116
:101EE0000C080134F5E74FF0000ABAF10C0F19D0D5
:101EF00018F80A400AEB01060027082F0FD024FA31
:101F000007F5ED0709D0B34507DBC519AD09042D69
:101F100003D8B345D8BF29F817300137EDE70AF1E8
:101F2000010AE2E709F110090830C3E7BDE8F08FC4
:101F3000E406002078000020CECC000864CC000825
:101F40002DE9F8433C49884205D99748012181662B
:101F50000020BDE8F883DFF8108604468709374E75
:101F6000D8F86C0056F82020BA4203D1364901EB6C
:101F700080105BE08C460025202D05D056F825000A
:101F8000B8420FD00135F7E72D4A0025012020285F
:101F900008D052F8253052F82010994238BF054633
:101FA0000130F4E7D8F874000130C8F874000BD39E
:101FB000234A00200023202B03D042F823000133C2
:101FC000F9E70120C8F874001D4941F8250056F8CA
:101FD0002500B84225D01B4841690131416124F0F8
:101FE0003F00ACEB000101F10109B9F1400F28BF3E
:101FF0004FF04009D8F870C0BCF1000F06D012496C
:102000004A46002301EB8511E04740B901204946CB
:10201000C8F868000C4800EB8510FEF790FB46F806
:1020200025700948C8F86C5000EB851004F03F019A
:10203000405CBDE8F88300BFAC4F1200B82500201B
:10204000BC010020F4000020640900202DE9FE4FAF
:10205000894605460A2019461C46904609F038FC78
:102060000C9F06460A20394609F032FC3978DDF823
:1020700034B04FF0010A4346CDE9004A00295844E4
:10208000314618BF01446FF001000A2291FBF0F0C5
:1020900049464419204609F06FFD387848B106EBEF
:1020A0000B0049460A224346CDE9007A204409F054
:1020B00063FDBDE8FE8F00002DE9FE4F07463A485C
:1020C000DDE90C9A984615460E4648F66664007A95
:1020D00060BB384631462A46434609F051FC28B3D6
:1020E000384631462A46434609F02EFD40F6A30005
:1020F000BAF1000F4FF0030B31462A46434608BFA2
:1021000041F20510CDE900B0384609F0D9FA48F699
:102110006660BAF1000F31462A46434608BF43F2D3
:102120002920CDE900B0384609F0A0FC09202A4654
:102130004346BAF1000F04BF4EF69E74CFF6FF740B
:10214000A1B2CDE9009038460291314605F086FEF5
:10215000BDE8FE8F70B51348134A00210024C378F0
:10216000117380F8371180F83411D3720F4A02EBE3
:1021700003120F4B182C0CD040CA00EB8405063418
:10218000C5F8C430A5F8C81003F5F073C5F8D460DD
:10219000F0E70078012818BF70BDBDE8704003F07B
:1021A0003DBE00BF3C0200207800002014D500088E
:1021B000381E0020B0B54FF6FF710C2241F221030A
:1021C00072B10478013A81EA0421082434B10DB2D5
:1021D000013C03EAD53585EA4101F7E70130EFE735
:1021E00088B2B0BDB0B54FF6FF7241F2210371B1B4
:1021F0000478013982EA0422082434B115B2013C82
:1022000003EAD53585EA4202F7E70130EFE790B2FD
:10221000B0BD000070B560B1094E05460024B4F5AC
:10222000C07F08D0281903F05AFE30B13055013470
:10223000F5E7002401E04FF4C074204670BD00BFF4
:10224000B83B0020022904D0012904D029B94C3020
:102250000FE05C300DE054300BE0A1F12002092AC0
:1022600087BF00EB810000F5A47000EB820000F551
:10227000117000687047000010B507A202290A44D7
:1022800012F8014C05D105F025FE002818BF0120E9
:1022900000E00020204410BD1F1C1F1E1F1E1F1F1A
:1022A0001E1F1E1F2DE9F04F87B0824600780228BE
:1022B0000FD0012811D1AC489AF80D10C28C038DB3
:1022C0000132D2B29A4205D0C38CA84CE154C284E8
:1022D000CEE0A54801214172CAE0DFF894B29AF835
:1022E0000C00DAF804909BF808809BF87824C8B1B9
:1022F000BAF90810BAF90A00002A87B28EB249D09A
:10230000BBF97A248B1A0C2B0ADC511A0C2907DC36
:10231000BBF97C14421A0C2A02DC081A0D2852DB85
:1023200001204EE0002A60D09BF8790400268BF84B
:102330007864002857D1DBF88004A9EB000014284A
:1023400051D39BF89E74584603F0D6FD87424AD17C
:10235000BBF97A14BBF97C2401AB584604F0F8FDB4
:10236000002840D09BF89A049DF80C1081423AD185
:10237000BBF89C04BDF80E20824234D19BF80500C6
:10238000002877D0002012B28BF89004584603F052
:1023900047FE2AE00120CBF88094ABF87C74ABF8C0
:1023A0007A648BF87804584603F0A6FD8BF89E04F7
:1023B00031B23AB20BF29243584604F0C9FDFFF72E
:1023C000DAF88BF8790430B2002808D4B009042870
:1023D00005D838B2002802D4B7F5F07F05D3012024
:1023E0008BF8790401E08BF890640DF104099BF8F7
:1023F0007124E2B19BF87034013A03EB43000BEB1C
:10240000C007D7E9B64007F53877E2CF8BF87124DB
:102410005A1C02F00F02CDE901408BF8702403AA88
:10242000E2C205F083FC484606F0E2FDDFE79BF8D8
:102430000850A8451CD0DAF804004B4900F5FA60B2
:10244000886701AC18212046FEF779F92846FEF787
:1024500098FA014603904FF4C870ADF80A000A20BC
:102460008DF808000A2005F061FC204606F0C0FD4A
:10247000FFF758B8BBF97C04BBF97A349BF80060CD
:10248000A0F165071FFA83FCBE2F21D8DF1FB7F527
:10249000987F1DD8012E1BD10A2200219BF8906441
:1024A000B24231D1DBF88464A9EB0606B6085E2E91
:1024B0002AD8BBF98864BBF98A749B1BC71B5B4392
:1024C00007FB07331B09302B1ED8002003215BE7D5
:1024D000002E7FF457AF0FFA8CF6082EFFF652AF9E
:1024E0004FEADC06262E3FF64DAFA0F18C06172EE4
:1024F00004D89BF87160002E7FF444AFA0F123064E
:10250000692E19D20422C8E78BF890240022ABF878
:102510008A04ABF888C4CBF88494AE28C8BF0122E3
:10252000114001297FF461AFAF381B2180B2B0FBAD
:10253000F1F20F4805212AE7A0F19506702E02D28C
:1025400007220121AAE7A0F20916A22E3FF61AAF30
:10255000BCF19C0F01D208229FE7BCF1A40FFFF44D
:1025600011AF092299E700BF78000020E41C002089
:102570003C0200202DE9F04FADF5657DDFF82C8D94
:102580000746D8F8040040B1D8F80800381AB0F56A
:10259000FA7F84BF0020C8F80400DFF8140DDFF8CC
:1025A000146DC078F17A814218BFFFF7D3FD707ABD
:1025B00028B1F08C30850020C8E900007072DFF887
:1025C000F89CDFF8F8AC4FF4807500230DF55F7BC5
:1025D000308DF18C884218BF002D00F06385C8F85B
:1025E0000870013D308D318D0131C9B2318519F846
:1025F0000040D8F8040050B101282BD15A2C29D022
:10260000A4F1A500FEF7B7FFC8F80400E0E7D8F88A
:1026100000000FF63861A4F15002B2FA82F2095CB0
:1026200052098C4208BF421CC8F80020042A06D177
:10263000D8F81C00C8F80030406A80470023A52C59
:10264000C6D1D8F80400A5210AF800100130C8E965
:102650000030BDE7411C0AF800400429C8F8041006
:1026600017D19AF802009AF803100C220B2808BF21
:1026700008228A4200F206826C2998BF0B2800F2D9
:102680000182012101FA00F040F6EC7108429FD16D
:10269000F8E106299CD39AF80340611D884297D13E
:1026A000211D5046FFF79EFD0AEB040189888842F0
:1026B00040F0E781DFF89C3D1868D3E902123590BD
:1026C000DAF80400CDE93712012134913690187CF4
:1026D0008DF8E4009AF802000238092800F2AB8174
:1026E000DFE810F00A004500A9018900B500C70025
:1026F0001001220133016701DFF8481D85A8FEF7AC
:102700004EFE682C40F06D819AF80820052A00F2F0
:1027100068819AF80930022B00F263819AF80A1056
:1027200001203490022900F286819AF90B00CDE94C
:10273000303232910028339000F17D81102000F179
:10274000040BBBF1700F00F0F5815AF80040DE4930
:10275000FEF750FF01210028349140F06C81DB49E5
:102760002046FEF7BFF800285846E8D163E10C2C5C
:10277000C0F037819AF80900032800F232819AF8F4
:102780000E20F02A00F22D81012134910C2101EB61
:102790004201A14240F04F81BAF90CE0BAF90AB007
:1027A000DE4540F348819AF80810042900F21981A7
:1027B0009AF80FC0BCF1020F00F21381DFF8843CDD
:1027C000DC78A14240F0B48193F88412002900F033
:1027D000AF81DFF8843CC0EB00110AF1100603EB77
:1027E00041141146002900F05D8236F8023B0139A0
:1027F00024F8023BF6E7DFF84C1C85A8FEF7CFFD76
:102800000120112C40F016819AF808103F2900F29F
:1028100011810DF55F7B34910AF109010C225846B4
:102820003391FDF765FF0020061D102E00F0EB80B0
:102830005BF800400021FEF7DDFE30B9A4492046D8
:10284000FEF77AF800283046EED00120F0E00C2C9C
:1028500040F0C780DAF808009E498842C0F0D18075
:10286000C8F81800D8F81C00C0698047C8F82000D4
:10287000C7E00E2CC0F0B5809AF80800042800F2DA
:10288000B0809AF809B0BBF1030F00F2AA809AF861
:102890000C10022900F2A5809AF80D30F02B00F2FE
:1028A000A0809AF80B202F2A00F29B809AF80AC089
:1028B00002EB0C06F02E00F2BB8233960126349612
:1028C0000E2606EB4206A6422BD1BAF80E40BAF904
:1028D00010E0DFF8746B329424B2A64540F3AB806D
:1028E000DFF8604BE478A04240F02281BCF1000F99
:1028F0003193CDE92F1E00F075823446767B94F833
:102900000EE076E21A2C08D19AF80800642804D860
:102910009AF80910022940F2B8804FF0010BCDF867
:10292000D0B0DFF8246B86E0DFF8181B85A8FEF72F
:1029300036FD102C55D100200C2854D00AEB000194
:102940000130097A0329F7D94BE0DFF8F80A90F84B
:102950008402002855D0232C43D19AF80840042C37
:102960003FD89AF80920E2B3F02A3AD89AF80AC078
:10297000BCF1000F35D0BCF1040F32D8DFF8C40A27
:10298000C078844240F0D4800020042800F0B48154
:102990000AEB0001C97A022923D80AEB800101233E
:1029A0000130B1F90FE0B1F9111034937145ECDC4D
:1029B00041E0082C15D1DFF88C2ADAF80800D2F8AB
:1029C000301181421DD0C2F83001107800213491BD
:1029D000012830D1507970BB3F48404903F078F965
:1029E0000FE0012026E0DFF85C4A0AF108010C2222
:1029F00004F10F00FDF77CFE0120A07385A802F012
:102A0000F3FE002016E0DFF83C4A33990C2204F173
:102A10006400FDF76DFE349901F0070084F874003E
:102A2000C1F3C20084F8700085A802F0DDFE00202A
:102A3000DFF8146A3490DFF80C2A3498D1788DF8D6
:102A4000DC0010788DF8DD10D2F880120138B0FA71
:102A500080F0CDF8DF1092F88412400941EA40007E
:102A60000F218DF8DE0035AC2046FFF7BBFBADF83B
:102A7000E300D8F81C001121026A204690470DF5AA
:102A80005F7B0023C8F80430A2E5CDE933010AF1E9
:102A90000A0185A814223291FDF72AFE0020061DA6
:102AA000182E1DD085A90C5800212046FDF71AFFCD
:102AB0004FF0010B00287FF432AF0549FEF79AFD75
:102AC00000283046EBD12AE70050C3C70050C34767
:102AD00000401C4600E10B5E07001C0132010F00A4
:102AE000DFF86009007907281FD1349A012A04D041
:102AF000DFF8500990F88502B8B1DFF8480933993A
:102B0000022A80F885120CD16429084609D1DFF821
:102B100034493299142204F5FA70FDF7E9FD0820D2
:102B20002071D348D34903F0D3F84FF0000BF6E6F9
:102B300002207FE7DFF80C293098329B002150708B
:102B400031989070B06F30B1381AB0F1FF3F02DCAD
:102B5000107A834201D1B16713723399DFF8FC48D0
:102B6000C1F34000907201F001005072C8B2C0F38E
:102B70008001D1721E2101EA90008130D0760020C0
:102B8000172809D00AEB800234F81010DFF8B438A7
:102B9000013012695A50F3E7DFF8A808002100F568
:102BA000A47039B1012909D003290ED0DFF8942887
:102BB0005C3206E0DFF88C284C3202E0DFF8842833
:102BC00054321268013104C0EBE7DFF878089DF851
:102BD0001D120022407A99B1D0B9DFF8683819780F
:102BE00083F8842293F837215879012983F8342116
:102BF00008BF00280CD1A048A04903F069F807E0FD
:102C000030B1FFF7A7FADFF83C08012180F8841201
:102C100085A802F0E9FDDFF82C089DF82F12C07E90
:102C2000814206D1DFF81C089DF816128078814297
:102C300003D09348934903F04BF8B07A18B9652054
:102C4000002102F0EBFBDFF8FC078178042908BFC4
:102C500003219DF81602042808BF032081420BD0EF
:102C600001F16E00722807D02839052904D3DFF856
:102C7000D417C96A02F0D2FBDFF8C8079DF82F12FB
:102C8000C07E414011F0180F07D000F01800FDF78A
:102C900078FE0146782002F0C1FB0120C8F80C70D4
:102CA000B072AEE6DFF89C3700EB4001BCF1010FDB
:102CB00003EBC10103EB4000A1F8CCE0A1F8CAB0DE
:102CC000A1F8C8204FF00A0108BF6421BCF1020F2F
:102CD00008BF4FF47A71A0F8241118780021012858
:102CE00034917FF41EAE5879DFF85C6700287FF4DA
:102CF000A2AE6548654971E66FF001002E94511E41
:102D0000002300243092CDF8C4C000EB420BDFF862
:102D100034072D9100F1CC0690F837012F90DFF8A1
:102D20003807A44543D00AEB8401B1F8112034924E
:102D3000B1F80F2036F8041CF0290BD04FF4F071D5
:102D4000CDE932061646FDF7FAFC3246DDE931C020
:102D5000339E012336F8021C914204D13188DDF8FC
:102D6000D0E0714500D001230AEB4401B1F81F10F7
:102D700020F80B10349900F5F07026F8181BF0219C
:102D800026F81C1C0AEB040126F81A2C0A22C97A20
:102D9000012908BF64220229DFF8A81608BF4FF4F2
:102DA0007A7201EB44010134A1F82421B9E7002231
:102DB000DFF89016184600233492309A81F83431A7
:102DC00081F83721097801297FF4ABADDFF874165B
:102DD000DFF87466497900297FF42DAE50B3264898
:102DE0002B49A4E0002486F80EB07073DE463473DD
:102DF00006460124864234947FF493ADDFF848669A
:102E0000DE457FF418AE347B3399A14200F09D80FB
:102E1000A4450DD1DFF848E60AF11304E2B334F813
:102E2000016C013A02342EF81C600CF1010CF5E73C
:102E300001208BE0DFF80C06FF241D2240780128DA
:102E400008BF40F217142E9801284FF0FF0018BF5A
:102E500004462D9804FB00F1EF20EF29B1FBF0F0C0
:102E600038BF1E223099F02947D10A4901314DE07F
:102E70006E004100CD006C01070065003201E900E1
:102E8000080003002C018900090050002E015B019D
:102E90003201BC000100B200DFF8AC253399117398
:102EA000CAB2F02A51D1DFF89C35FF215A7893F845
:102EB0003431D2B2012A08BF40F2171101284FF075
:102EC000FF0018BF01462C91002B41D1DFF874257B
:102ED0000BEB4B0002EBC000B0F8C820F02A37D152
:102EE000B0F8CA2032998A4232D13099B0F8CC0079
:102EF0008AB2801A18BF01202BE03099EF2361437A
:102F0000B1FBF3F1091A0231C0F2B2011044C0F270
:102F10006A0002F0DDFE2F9858B12F98EF2101389A
:102F20006043B0FBF1F0DA491E30C0F26A0002F0F3
:102F3000CFFED8F81000381AB0F57A7F05D3D548FF
:102F4000D549C8F8107002F0C3FE00203490E8E4C0
:102F50000120DFF804252D90CBEB0B10DFF800C526
:102F6000F0234FF0000E02EB40100022F02A0DD0AB
:102F70003CF8121030F81240F02B1E4608BF1646DF
:102F80008C421CBF334696460132EFE72D99DFF89D
:102F9000B424002918BF0023339318BF4FF0EF0E5D
:102FA00092F83721CDF8B8E052B12E99013A8A4211
:102FB00088BF11462E9133998A4238BF114633910A
:102FC000319959B131994A1E2E998A4288BF1146CA
:102FD0002E9133998A4238BF11463391DFF8644409
:102FE00031990022002334924FF4F07284F83711A3
:102FF000DFF86C1484F83431FDF77AFB0BEB4B00EF
:1030000030992F9A04EBC000A0F8CC103299A0F8A8
:10301000CA10F021A0F8C8100A21012A04EB4B00C5
:1030200008BF6421022A08BF4FF47A71A0F8241166
:10303000207801287FF475ACDFF80804DFF8086415
:10304000407900287FF4F7AC2D9810B1934894494B
:103050001CE03398EF281BD82E982C9BEF220130D0
:1030600003F11F015843B0FBF2F02030884238BF13
:1030700001463398002818BF01385843B0FBF2F0DE
:103080001E30091AC0F26A00C0F2B20102F020FE3E
:10309000D8F81000381AB0F5FA7FFFF456AF81481F
:1030A00081494EE7B07ADFF89CA3012823D1D8F8F4
:1030B0000C0042F21171381A88421CD385AC51467B
:1030C0004FF4A0722046FDF713FB00256420002179
:1030D000B57202F0A3F99AF81B007949AAF80950D1
:1030E00000F0A60040308AF81B00DE4802F0F0FD38
:1030F000204602F079FBD8F82000D8F818504FF499
:103100007A71381AB0FBF1F0002D18BF0544707CBD
:1031100001281ED100207074D8F82C0090B1D8F886
:103120003810B1B9317DA1B900210122C8E91101DE
:10313000CD48C8F83820C8E91311C0E90011C0E92A
:10314000021106E001208AF8CE028AF8050002F09A
:1031500065FED8F82800002857D03346C34EC44A2D
:103160008595708834887168ADF81A02187DCDE9AC
:103170008712ADF81842B8BBD8F83470380A6A28FC
:1031800032D80DF505794846FFF714F8ADF820025E
:10319000D8F83C00791CD8F858300E22C8F8341002
:1031A000494600EB071000F5805738469847C0B1F4
:1031B00085A8D8F85830022200F10E0107F10E0060
:1031C000984770B1D8F8543035A93846102298473E
:1031D00038B185A835A91022FCF7D5FF002801F0E9
:1031E0005087994901200875D8F8280006F1080190
:1031F000441E3046E200C8F82840FDF779FA924EA6
:103200000021102C38BF012100E00121D8F8300046
:1032100048B141B1FDF7B5FB0146C72002F0FEF809
:103220000020C8F83000D8F83800002800F0D68018
:10323000317D002940F0D48001281FD1D8F83C000E
:10324000D8F85010D8F85C204FF49413B0F5941FC0
:1032500008BF4FF4CA1358189047002800F0AF80F9
:10326000D8F8500000F58050B0F5D82FC8F85000BD
:1032700040F0A7800220C8F83800AFE0D8F84C0032
:10328000DFF8E491002785AE0DF1D40B60E000BFBC
:103290000100B20007006901320143000700650028
:1032A0003201BC000700510132015B00F400002034
:1032B0003C02002078000020E41C0020B012002016
:1032C0002C018900314604F0A3FDD8B3D8F844009E
:1032D000411C37D0859909B1814233D9D8F83C00D7
:1032E000D8F84810D8F85830B0F5941F614808BF96
:1032F00000F5D82000EB01143146102220469847F3
:10330000002801F0CB86D8F85430204659461022C8
:103310009847002801F0C286304659461022FCF733
:1033200032FF002841F0BA86D8F848000130C8F8CA
:103330004800BDF8180204F051FD59F82010013181
:1033400049F82010D8F84C0001370130C8F84C007B
:10335000D8F834100F2F98BF8842B3D33A4E884222
:103360000DF55F7B2DD1D8E90F014FF49414B0F522
:10337000941F4FF4941008BF4FF4CA10013108F0A5
:10338000F5FDE0B10020D8F8482008F1600CC8F83D
:103390003800D8E90F01C8F83420B9E8CC00C8F8E3
:1033A0006C70B0F5941FACE84C0008BF4FF4CA1421
:1033B000254E481CC8F83C40C8F8400004E00120F5
:1033C0003075D8F8380048B901203074D8F8340086
:1033D000FDF7D7FA01468C2002F020F8307D08B1C5
:1033E00003240EE0D8F8380008B1022409E0D8F828
:1033F00034002149002400EB80004000884288BF4F
:1034000001249AF87100844203D08AF8714002F0D6
:1034100005FDD8F8380088B3012808D1D8F8500045
:10342000322148434FF4D821B0FBF1F027E0D8F81F
:10343000340018B3D8F84C1032225143B1FBF0F0ED
:1034400032301CE03C0200207800002050434852FB
:103450000000000050C90008381E0020B4CF00084A
:10346000241800200800030064010020641C0020D0
:1034700000005AA500901200FFC2030064209AF8D1
:103480007220C1B28A4207D0022C8AF8720003D19E
:10349000D448D54902F01CFCD8F8180028B3D34A08
:1034A0003C21B5FBF1F0136898421ED0B0FBF1F15E
:1034B00010601822C1EB0111A0EB8100D8F8241094
:1034C00000904FF46160B5FBF0F0B0FBF2F202EB5C
:1034D0004202A0EBC20301F2AE20C5A2062108F011
:1034E00099FDC648C64902F0F3FB307C012803D1A0
:1034F0000020307404F006FDDAF84001002801F0E5
:10350000BC857078002801F0B88501200AF50B729F
:1035100000243072307107CA34668AF80D208AF8A8
:1035200036118AF83501DAF88002CAF82C019AF9C6
:103530001B0000284FF0000048BF01209AF800103F
:103540009AF805204B1EB3FA83F35B091840F06527
:1035500041EA0200C0B2FEF70EF87066504605F070
:10356000D7FD706E347208B3A64C0A2040F22111C8
:1035700091228B23A047A42040F2211192228B2379
:10358000A0478B2040F20D1111221523A0479E4D1C
:103590000024082C0AD005EBC40335F83400598800
:1035A0009A88DB8808F078FB0134F2E735A85146A9
:1035B000FDF7F5FEDAF8400100280F9001F058857C
:1035C000B06D0E90DAF844010D9035A802F094FC2D
:1035D00000245FF8901105464FF4A072746585A829
:1035E000FDF786F89DF8D900032805D18DF819421A
:1035F00085A802F081FC0546844B2A462E2D88BF03
:103600001A2200210C95229203EBC2000023023003
:103610000990A5F10B000590A2F10B002C907C48BD
:10362000043020907078814281F02085DFF8E4C179
:103630000A460CEBC1004488C5882F190697878875
:103640004FF42060B0FBF7F11020102928BF01468D
:10365000B7F5206F88BF01213CF832001291049227
:1036600013972A4639181F900891B1F5A07F88BF9B
:10367000C0F5A0770120012FD8BF074638B21197B7
:10368000079421941090100401F0EC8412981E927B
:1036900092B2824228BF0246219901F00F0089B2FE
:1036A000C0F11000824228BF02461D921C9188186A
:1036B000B0F5F07F104688BFC1F5F07001284FF0DB
:1036C0000101D8BF0846119A00FB02F1B1F5206F45
:1036D00084BF4FF42060B0FBF2F0219C4FF6F071F4
:1036E000B283109A30832140F4822B911F99718309
:1036F0004FF0F071C6F822104FF0A071C6F81E10FE
:1037000001B251430022914204D0434C24F81230BC
:103710000132F8E79DF9EF10B1F1FF3F17DC9DF89A
:10372000D410012913D19DF8D91081B91F991E29F0
:103730000DD30899B1F58F7F09D807996A2906D367
:103740000699B1F58E7F02D8012000F01CBC3179BA
:10375000012940F0CB800C99352900F2C780F16D2A
:103760000C9A80B20029114618BF2431059B072B03
:1037700028BF1146C1EB01118A00219909B2084402
:10378000CC080138C008CDE93002844200F2F4834D
:103790002249A018042201EB8001584602F048FBA0
:1037A000E0004FF0000932943390DF9800F11045AB
:1037B0004FEA5920042800F29480284602F08FFB3B
:1037C00000F07F07C9F52061B94240F28F8040B216
:1037D00005F1010BB0F1FF3F349021DD4FF0000AFD
:1037E00024E000BF1400B400180178007400002029
:1037F000253032753A253032750000000201030091
:1038000036001D0099BC0008A8D4000804D30008A5
:1038100038260020F0110020B82700205CD9049041
:10382000584602F051FB824605F1030B07F10108EF
:103830004FF4A07EB8F1000F4FD0B9FBFEF404EBBB
:103840008400404209EB8011C1F5A075454528BFB1
:103850004546B6F91A30B6F91CC0B6F916006F180D
:103860000CEB03029742B8BF3A46339F9942274474
:103870001C46C8BF0C4687421EDB5FF83464368B9B
:103880000644B7425FF8406416DAA24214DDE31A38
:10389000381A00FB0C305FF8803003EB4000349B9B
:1038A000B3F1FF3F12DD611A121B0BEB4101520015
:1038B00002F0BEFA4FF4A07E3498A8EB0508A944A4
:1038C000B0F1FF3FC8BF0BEB450BB3E7A11A0029CE
:1038D000F2D020F802AB0131F9E75D460DF55F7BD0
:1038E00066E7329CDDE9300201344EE70998002298
:1038F000008823902B9810302A902398824200F061
:103900003B8322985FF8FC10249231F83000DF49A5
:10391000400000EB4200084402F0D6FA0446DC48BE
:1039200000EB840002F0D0FA2B99884240F21F830A
:10393000D84800EB840002F0C7FA2A99814240F28D
:103940001683D54800EB440002F0BEFA0546D34882
:1039500000EB440002F0B8FA2D902D99A8B28842ED
:1039600080F00583CE49319501EB4000B03002F084
:10397000ABFA00EB4005CB48CB4E2844B047044699
:10398000CA482844B04744EA0024C9482844B047FC
:10399000C84944EA00400844D590D5AC204607F019
:1039A000D3FCC549162200FB0215204607F0CCFCCB
:1039B000044658462946162202F03AFAD59D0027B9
:1039C0000B2F22D024FA07F0C0071CD028466E1C0B
:1039D00002F085FAFF280AD0B74901EB400000F554
:1039E000E75002F071FA2BF8170035460BE030462D
:1039F00002F075FA0646A81C02F071FA46EA0020A9
:103A000003352BF817000137DAE7BDF87C03011FF7
:103A1000022920D8BDF88423BDF88833BDF8864339
:103A20001A44ADF88823BDF98A2393B2002A2344AF
:103A3000ADF88A33C8BF2346BDF880432344ADF8B0
:103A4000803313B282EAE332A2EBE332BDF8823371
:103A50001A44ADF882232C9A062A76D85FF81826E5
:103A6000D26D002A71D0BDF88643022927D8BDF84F
:103A700084131E2923D349089A2920D8BDF8881316
:103A80001E291CD349089A2919D86A2C17D3A108D2
:103A9000462914D8BDF88A136A2910D38908462903
:103AA0000DD806284FF0100008BF1220DFA9085AD1
:103AB00043F2292140F02000884246D002E20D283E
:103AC00043D1BDF88C037D49084402F008FAA4F103
:103AD0006D01BC290DD8BDF88403092800F0F281DE
:103AE000B0F5907F00F0EE8140F2291084422CD195
:103AF000E8E140F2AB118C420ED040F279118C42D9
:103B000000F0E081B4F5C57F06D040F295118C42FB
:103B100018BFB4F5D07F0BD1A0F130010A29C0F055
:103B2000D1812B2800F0CE812D2800F0CB810CE034
:103B3000362C0AD1BDF884033E2818BF9C2800F01B
:103B4000C181B0F5837F00F0BD81BDF880032A9963
:103B500081424FF0000188BF0121BDF8822310444B
:103B60002B9A90424FF0000088BF012000EA010428
:103B7000BDF87C53012C12D1BDF87E0348490822C0
:103B800001EBC001D5A802F053F9BDF95403BDF90A
:103B90005613BDF95823BDF95A3307F0D5FFA81EB7
:103BA0000B2800F2EB81DFE800F0068B5860309FB5
:103BB000A768AF45C00E002C00F08481FDF7CEFB56
:103BC00007F030FD7EE1002C00F07C815FF8880773
:103BD000BDF98613209B026EBDF98403002A00F014
:103BE000618133F9044C84420CDCB3F90040844217
:103BF00008DD33F9024C8C4204DCB3F902408C42FC
:103C000000F36081013A0833E8E7002C00F05A81A4
:103C1000BDF98C53BDF88E63BDF98403BDF98643AD
:103C2000BDF98823BDF98A33012D00F35081214667
:103C3000009617E0002C00F04581BDF98A43BDF8DD
:103C40008C83BDF98493BDF98663BDF98873012C1B
:103C500000F37C81FDF7DAFC64E0002C00F0328197
:103C6000FDF77CFB07F074FD2CE1002C00F02A81AD
:103C7000FDF774FB07F0CAFD24E1002C00F022815F
:103C8000FDF71AFB07F0F2FE1CE100BF2AD80190F5
:103C9000FCFE0190FAFE019024D1019026D1019002
:103CA000F47001909CE10090DF5E00089DE10090BF
:103CB0009EE100901000009016520190020D0290BB
:103CC000002C00F0FF80BDF98403BDF98613BDF917
:103CD0008823BDF98A33BDF88C43BDF88E53CDE9F6
:103CE000004507F06FFCEDE0002C00F0EB80FDF7E5
:103CF00035FB07F015FEE5E0002C00F0E380FDF752
:103D0000DBFA07F0DDFCDDE0002C00F0DB80BDF924
:103D10008C43BDF88A33BDF98403BDF98613BDF920
:103D20008823009407F0DAFBCCE0002C00F0CA8076
:103D3000BDF98403BDF98CC3BDF986E3BDF98A439F
:103D4000BDF98E33BDF98873ACEB0006A4EB0E0110
:103D5000A3EB0E05299634914E43C11B05FB016868
:103D60002891B8F1000F00F0AD80BDF89013BA466D
:103D70005FF82C795646329171467445C8BF21468A
:103D80009942D8BF1946B7F92450A942A8BF691E65
:103D9000B7F92020B7F916903D8BB7F91EB03092D5
:103DA000B7F922204D44A9423392A8BF691E27913A
:103DB0005045B8BF06466645A8BF66465E45D8BFB3
:103DC0005E46349FF346351A7D437445B8BFA3461B
:103DD0009B45A8BF9B4633998B45D8BF8B46CB45A7
:103DE000D8BFCB462899ABEB0E07AEEB030926965E
:103DF0001A1BABEB0404ABEB030307FB0151A6EB6F
:103E00000A0533925543AAEB0C0204FB0255259296
:103E1000A6EB0C02299C5045C8BF8246E24502FB36
:103E200009F2D8BFE246309803FB04278245A8BFB9
:103E3000A0F1010A56462798834543DC269C8A4612
:103E40003091CDE92E75B44220DCB8F1010F07DBCB
:103E5000BAF1000F04D4002D02D4B7F1FF3F09DC02
:103E6000B8F1FF3FD8BFBAF1000F08DC002D06DC27
:103E7000002F04DC329A2046594607F0FFF93498A7
:103E80004F440134824433980544DCE72898309944
:103E90002F9D2E9F0BF1010B014425980544299875
:103EA0000744C8E7BDF88C43EB4FBDF88A33BDF932
:103EB0008823BDF98E53BDF990633C448DE87000B2
:103EC00007F087FE319D0DF55F7B013545E5E71A6B
:103ED0004FF00601B8BF1F1BB0EB0208B8BFA2EB42
:103EE0000008062DA8BF0D46A3EB5509A0EB550B06
:103EF0000021A1EB550CA5EB55018C45C8BF6146CF
:103F00003394A4EB550430933490329201EB550175
:103F1000A2EB5505C1F1000ABAF1000FD2D0B845A5
:103F20000096BFBF584633992A46309BA1BF3498AC
:103F30002146329A4B4607F00BFC0AF1010A013484
:103F400009F101090BF1010B0135E5E7062C4FF0F2
:103F50000600A8BF04460025A542B3DA012FB1DB55
:103F6000FDF754FB07F0BAFA013F0135F4E7249A54
:103F70005FF82C6B0132C0E4002004E05FF8386B7E
:103F800000200DF55F7B1B9000200021FDF702FA59
:103F9000E8B38C98D8B39DF92F42002C05D4AFA17B
:103FA000FCF7E3F8002800F05481AE480424032114
:103FB00036221D230094C6F81E00AB48C6F8220026
:103FC00040F6A30001904FF4817007F079FB43F2B3
:103FD0002A20032136221D23009401904FF4817082
:103FE00007F044FD8C99102007F072FC8C99C0F109
:103FF000360010224DF61C7300910121019102211F
:1040000090FBF1F0182100F5817007F0B5FD9DF8E7
:104010002F029DF8202241B21AB9B1F1FF3F00F3FF
:10402000FF87904AB1F1FF3FC6F81E208E4AC6F8BE
:10403000222072DD9DF81902002840F0F1879DF8DA
:104040001402002840F07A8100205021FDF7A2F9E7
:10405000002800F086819DF92F02002804D49DF8E5
:104060001602012840F07D81929C0021FDF7C2FAE2
:10407000002840F07681FDF7B8F9CDE900019DF800
:1040800022429DF82652D5AF784A1821384607F0CB
:10409000C1FF75485C211A221123C6F8220071481D
:1040A000C6F81E0040F6A300022601907B20009671
:1040B00007F006FB6E48002C18BF05F003045C21D6
:1040C0001A22112330F814407B20CDE9006407F058
:1040D000CDFC0A20394607F0FBFB054607306FF0A0
:1040E0000101009701270A22234690FBF1F0682185
:1040F000019700F18806304607F03EFD5DA068217B
:104100000A222346CDE90007A8195FF8C46C0330E2
:1041100007F032FD9DF8140210E19DF816120529F2
:104120000AD14EF69E7000264FF001084FF0340978
:1041300051A500F54B740DE04FF2225210F0180F0C
:1041400002F1C00400F0B08000264FF001084FF0EB
:1041500034094DA5072001216122212307F010FC1D
:10416000002800F0DF8034965FF8246D4A484B4FFA
:10417000012140F23F122223C6F81E0043F6CC2054
:10418000C6F82270FDF72AF9DFF814A1A4B20B20BB
:104190000F21092212230094D0470920122109225D
:1041A00015230094D047092015210C2218230094D0
:1041B000D0470C201821102218230094D04710203B
:1041C0001821132215230094D04713201521132200
:1041D00012230094D0471320122111220F230094A0
:1041E000D0470E200A210E2212230094D0472D48DA
:1041F000012140F23F122223C6F82270C6F81E00A9
:1042000043F6CC20FDF7EAF8012018210D222346C1
:104210000095CDE90109172007F0DBFCB8F1000F8C
:1042200078D19DF81502002852D00128DFF8B40E8D
:10423000DFF8AC1E48F2E45308BF08460090162190
:1042400009220120019011200290349807F0C1FC4E
:1042500060E0E0B2DDE600BF020D029031343A3397
:104260003200000001003F010100DF011BD90008FE
:1042700084CF0008D1810000D090D092D090D0A0FF
:10428000D098D0AF00000000D0A0D090D097D0A0A0
:10429000D0AFD094000000000700160001002200FB
:1042A00051B7000816006800C81E0228C0F0078237
:1042B000012900F0D785022940F0DC85DFF8185E7F
:1042C00043264FF000084FF02A0948F2E45441E732
:1042D0000FF61460349EDFF8145E012416210922C3
:1042E00048F2E45300900920019402903046A84718
:1042F0000FF6FC50FDF777F90420029006F10B0051
:10430000A8470FF6F050FDF76EF90820029006F16D
:104310000F00A847DFF8940DEE49C0F81E10EE49D3
:10432000C0F822109DF81902DFF8806D002840F0D7
:1043300077869DF81402002800F09E8188B103283A
:1043400000F08D81012840F06B869DF8170202284D
:1043500040F29D810320FF27159001202590002029
:10436000ABE100202821FDF715F8002800F09E8021
:104370009DF82102C10743D0706E30B941F205109B
:1043800033212B221823FDF777F88E98FCF738FBA2
:10439000CDE90001D5ACDFF8142EFDF747F9DFF8C1
:1043A000FC2D9DF82202DFF8805D9DF82312FDF7B9
:1043B000D0F818BF01F0030035F810202820402164
:1043C000FDF744FE8F98FCF71BFBDFF8582DCDE975
:1043D00000012046182107F01DFEDFF8BC2D9DF8D6
:1043E00022029DF82412FCF7F3FF18BF01F003002E
:1043F00035F8102028204921FDF728FE9DF82102DC
:10440000410729D5706E40B941F2051033212522AC
:104410000C230090762007F005F99198FCF7F0FA4C
:10442000CDE90001D5ACDFF8882DFDF7FFF8DFF806
:10443000642D9DF822029DF82612FCF7C9FF18BFD3
:1044400001F00300DFF8E01C31F8102088203D2146
:10445000FDF7FCFD9DF82102800727D5706E40B95D
:1044600041F20510332124220C230090AA2007F0EA
:10447000D9F89098FCF7C4FACDE90001D5ACDFF883
:104480002C2DFDF7D3F8DFF8142D9DF822029DF8AE
:104490002712FCF79DFF18BF01F00300DFF8881C0E
:1044A00031F81020BC203D21FDF7D0FD0020602117
:1044B0004FF4A072302307F063FA002800F0B085B3
:1044C0009DF82102010724D5706E20B9FCF703FF87
:1044D000422007F0A7F89398FCF792FACDE9000183
:1044E000D5ACDFF8C82CFDF7A1F8DFF8C82C9DF893
:1044F00022029DF82A12FDF72CF818BF01F00300E4
:10450000DFF8241C31F810205520FDF77CF89DF8C9
:104510002102C10624D5706E20B9FCF7DCFE75209F
:1045200007F080F89498FCF76BFACDE90001D5AC60
:10453000DFF8782CFDF77AF8DFF8782C9DF8220266
:104540009DF82B12FDF705F818BF01F00300DFF806
:10455000D81B31F810208820FDF755F89DF821026E
:10456000810624D5706E20B9FCF7B5FEA92007F0AE
:1045700059F89598FCF744FACDE90001D5ACDFF87D
:104580002C2CFDF753F8DFF82C2C9DF822029DF817
:104590002C12FCF7DEFF18BF01F00300DFF8881BC8
:1045A00031F81020BC20FDF72EF89DF821024106BD
:1045B00024D5706E20B9FCF78EFED92007F032F8B2
:1045C0009698FCF71DFACDE90001D5ACDFF8DC2B9D
:1045D000FDF72CF8DFF8DC2B9DF822029DF82D1258
:1045E000FCF7B7FF18BF01F00300DFF83C1B31F800
:1045F0001020EC20FDF707F89DF8210240B2B0F141
:10460000FF3F00F30D85706E48B941F205106B2134
:1046100027220F2300904FF4867007F003F8979835
:10462000FCF7EEF9CDE90001D5ACDFF8802BFCF703
:10463000FDFFDFF8802B9DF822029DF82E12FCF77B
:1046400088FF18BF01F00300DFF8DC1A31F81020F2
:1046500040F21F107821FDF7F9FC00F0E1BCD3987F
:10466000002800F0DD849DF88702002800F0ED832B
:104670000025002200F009BC9DF8220270B39DF8CD
:1046800023129DF82402814288BF084627E00128B2
:104690006ED19DF81502FF27C1B20420012908BF81
:1046A00040F21717002918BF03201590A1F101004F
:1046B00018BF01212591FCF75EFF31905FE04C2689
:1046C0004FF000084FF0320948F2E4540FF6F815A5
:1046D00040E500BF01003F010100DF010020DFF8DD
:1046E000181A00F00300002531F81040042D0DD0F9
:1046F000DFF8040A4E211F221F23019430F8150011
:104700000090192007F05EF90135EFE74FF000083F
:10471000B8F1050F3FF48EAC9DF8220228B185A8B0
:104720004044407C00F0030000E000200FF6CC1174
:10473000002651F828400FF6D81151F82850DFF81C
:10474000B81931F81070042E0DD0DFF8AC094121F2
:1047500022463723019730F816000090284607F0CC
:1047600031F90136EFE7DFF8446908F10108CFE7D6
:104770000420FF27159000203190002025901E2056
:104780007A1C6A21B223F083BC48C6F8220007F1E4
:104790001F001490308441F2051000901E2006F096
:1047A00041FF07F11E04002505266EB143F22920C2
:1047B000224600906A2000EB95011E200B4606F071
:1047C000C7FF013EB135F0E7DFF8E06800240625B9
:1047D0007DB143F229206A2140F21B13009005208D
:1047E000B4FBF0F01E30024606F0B2FF3C44013D3F
:1047F000EEE7A34800240525C6F81E00A148C6F828
:104800002200681C32D0DDE9D001002808BFC82092
:1048100000FB0513B3F57A7F0BD31846FCF7B6F807
:10482000994B0022FBF725FEDFF85C29FCF703FE1D
:104830000AE0002B0FF64412DFF83C0908BF0246DD
:104840005846182107F0E6FB002040F22911072204
:1048500049F63553CDF800B001900520B4FBF0F0D7
:10486000173007F089F93C44013DCAE72E9700272D
:10487000022F00F087809DF817020325012888BFCA
:1048800002252598002818BF0225002F08BF3D46A5
:1048900085A800EB4500B0F82401002808BF0A20D5
:1048A000FCF76FF834903846002F18BF012031997B
:1048B000014201D00137DBE7DFF8F01773484FF40E
:1048C0009076002F4FF000094FF0020AC1F8220045
:1048D0004FF49F7008BF0926CE8308BF1E200884AE
:1048E00085A905EB450001EBC00000F1CA0100F10C
:1048F000C808339100F1CC013291B9F1050FD9D03C
:10490000B8F8000008B33398B0F900103298B0F945
:104910000000A0EB010BFCF72BF804460BFB09F0A1
:104920000DF55F7BFCF72DF85949FBF76BFF01464E
:104930002046FBF70FFF3499FBF796FFFCF760F872
:10494000DFF84828FCF777FD01E05248DF9049F690
:1049500035533FB19DF81702DFF8341801EBC00062
:1049600030F815306D200722CDF800B000EB9A0129
:1049700000200190304607F0FFF80AF1B10A09F172
:104980000109BAE7DDF8B8A000251598DFF81C6723
:10499000854200F03C8205EB450085A901EBC0098A
:1049A000484610F8D04F2D9001EB4500B0F8240197
:1049B000002808BF0A20FBF7E4FF2B9044B19DF8C4
:1049C0001702DFF8CC1701EBC00030F8150001E04A
:1049D00045F66D404D211A9067206943684301F107
:1049E0002C072599002918BF00F13C0703D000F1DE
:1049F0000D0863240FE025B1012D05D14FF05B08B0
:104A000008E04FF00D0805E04FF0F508022D08BF53
:104A10004FF0A8084924A8F1040040F26911224689
:104A20004423279006F0ACFF2F909DF817022395A2
:104A3000199701280CD078BB032DDFF85827DFF831
:104A40005C0708BF0246E81E18BF012047002BE0A4
:104A5000DFF8E026022D0BD8DFF83C17DFF834072B
:104A60000A4608BF02469DF81502022818BF0A46EA
:104A700010780127002808BF022715E06A001C01F2
:104A800001003F0123002F0100408F4065002001FD
:104A9000000080BEE2809400022DDFF89826DFF847
:104AA000F40638BF024602272D982497CDE917282F
:104AB000A0F10C011E20F083E8483091C6F82200D6
:104AC000149830840868002800F0B4804946169491
:104AD00031F8C88FB8F1000F0B9100F0AD80B0F93C
:104AE0000000FBF745FF2B99FBF7BEFE09F1CA0159
:104AF00031903490CDF82890002600270024299189
:104B000009F1CC014FF000092891002132910146B2
:104B10000020339000202A9000202690444580F009
:104B200084803098006830F914A02F9840B31FFAA1
:104B30008AF0BB4600B2FBF71BFF2B99FBF794FEF4
:104B4000349F06463946FBF7F7FE002818BF374664
:104B5000319D304634972946FBF7D2FE002818BF16
:104B60003546339831463195FBF7F4FD33903046A6
:104B70003146FBF747FE3299FBF7ECFD5F4632907A
:104B80009DF8480308B184424AD22D980078002845
:104B900046D0B8F1020F43D329982899B0F9000004
:104BA000B1F9001081423BDD081AA1EB0A01B122E4
:104BB000514391FBF0F020EAE070B12828BF104685
:104BC00000F16A0A2A99A8F10100B9FBF0F000F19E
:104BD0001E0B01B39DF84B138C421CD0269DB5EBE8
:104BE0000A01B8BFAAEB050101F101035146B8BFA4
:104BF0002946C01B00F11F02384606F0C1FE50B125
:104C00001A9829465A4653460090384606F0A0FDA9
:104C10000B98B0F8008001205F46CDF898A02A904C
:104C2000DDF8B8A00134D14478E7249FDDF828905E
:104C3000169C0CE0002002E00020249F169C002619
:104C4000329000203190002034900020339027983B
:104C500040F269112246442306F092FE002800F03B
:104C6000D3809DF84B13B9F8C800C84679B168B134
:104C70003098006800EB410030F9020CFBF778FE39
:104C80002B99FBF7F1FD0646012000E00020DFF83C
:104C90001C247349279BDFF808B50DF55F794FF0A9
:104CA000010AC2F8221023EAE371D183E1184FF41C
:104CB000A073B1F5A07FA8BF19461184002800F0A9
:104CC00095803046FBF79CFECDE90001484618214F
:104CD0005A463B4607F09EF90E20494606F0F8FD7D
:104CE000179C06460920214606F0F2FD2178304443
:104CF000CDE9009A0029314618BF011D6FF001006F
:104D00001A9B0E2291FBF0F01999471840F2791185
:104D1000384606F031FF207850B1F01940F2791191
:104D200009224BF61863CDE9004A043006F024FF4F
:104D300008F1C8000088FBF724FE804632984146FF
:104D4000FBF792FD002104460027FBF7CBFDD8B905
:104D500020464FF07E51FBF7EFFD002827464FF02D
:104D60007E5008BF0746142676B120463946FBF729
:104D70007BFD01463846FBF7EDFC4FF07C51FBF71D
:104D800041FD0746013EEFE731984146DB97DE9053
:104D90003498DD903398FBF767FDDDF8B8A0189FD5
:104DA000249E4FF4C57400250DF55B78DC90102D22
:104DB0002AD058F80500FBF723FECDE9000148464C
:104DC00018215A46334607F025F9002021460922CA
:104DD0004CF25963CDF800900190DFF8C8034059B8
:104DE000384406F0C9FE04350B34E0E70FF2B83062
:104DF0001A9B40F279110E22CDE9000A1998053864
:104E000006F0BAFEDDF8B8A0239D0135BDE59DF89A
:104E10004B03B0B11E21013840F21B13F183D54979
:104E200000FB0AF0C6F82210149931844EF69E71E8
:104E30000091EF2190FBF1F06A211E30024606F04E
:104E400087FC9C480DF55F7BE5E0BDF8521300221E
:104E5000D1B1C1EBC101CD1F17E000BF6A001C0139
:104E60006901AD0100264FF001084FF02C0993A510
:104E7000FFF770B9994D00264FF001084FF0230954
:104E800048F6D344FFF766B90025BDF850134E1B12
:104E900098BF164638B1BDF85203C0EBC0000738C2
:104EA0000E1A98BF16468148A0494FF49772FE2308
:104EB000C0F81E109E49FCF781FB85210090092057
:104EC00006F0B0FBA724B4F5CE7F0BD043F2092047
:104ED00021464FF49B7223460090092006F038FCCF
:104EE0002334F0E7B0B207214FF0000A072828BFAB
:104EF000084623214843329005EB4500860032984E
:104F000000218C4F504500F08480D39DCDF8831351
:104F1000CDE9DF11AC59B4B12046FBF71FF90246C9
:104F20000A284FF00A00214628BF02465846FBF7E0
:104F3000DFFBAC592046FBF711F900217D4F0B2810
:104F400088BF04F10B07AC190AF1950B6568CDE930
:104F500033467DB17A492846FBF707F980B17E498F
:104F60002846FBF702F988B1744CDFF8CC8143F690
:104F70005D5512E0714CDFF8C08143F65D550DE0E0
:104F8000DFF8C0814FF222556FA406E04EF69E7006
:104F900073A40FF2C81800F54B750021DFA8DFF8E5
:104FA000D091FCF7BBFACDE9000159460E204FF035
:104FB000000BC8470AF1A2010E200C224AF6D75373
:104FC000CDE9007BC8470120ADB20AF19C010C225B
:104FD000CDF80080019051202B46C847CDE9004B09
:104FE0000AF19B045B200C222B462146C8473398CC
:104FF000806838B1CDE9000B9A202146FCF78EFA83
:1050000006F0BAFD349E0AF1230A0DF55F7B0C36DB
:1050100075E7264E2748C6F81E002748C6F8220026
:105020001B9810B9204804F073F82148139D1D9F68
:105030001C990F9C00900D982A463B4601950290C2
:105040001F98A047D6E915011E9A002307FB05000B
:10505000D21B70652198384421900E9888423EF406
:1050600012AB05E004990131FEF7DCBA0020707044
:105070000020C6E91700706630710DF5657DBDE84A
:10508000F08F204602F0AAFE08EB8000016E01318D
:105090000166064901200874FEF7A6B8034E0120F8
:1050A0000DF55F7BFEF78CB93C02002078000020F4
:1050B000B827002001003F010100DF01D097D09008
:1050C000D0A0D0AFD0940000D0A0D090D091D09EEE
:1050D000D0A2D0900000000038E00008AEE1000847
:1050E00099D600089ED6000828550000D3BB0008BA
:1050F0002F000000462900007CCF0008230000009C
:10510000260000002500000026000000210000000D
:105110004400000075000000A9000000D900000054
:105120000E0100001BD9000884CF000809003701D8
:1051300085008301D6E60008C6D90008FDD6000820
:105140004CDA000850D60008D09FD180D0B5D0B43A
:10515000D183D0BFD1802E0069DB0008C397000047
:10516000D090D0B2D0B0D180D0B8D18F00000000A4
:1051700079BB00086A001C0126DC00082D256C752F
:1051800020D0BCD1810000001DDC000869D90008D6
:105190008CCF000865DF00086DDC000840E00008E7
:1051A00011D900084CCF0008E280940016D90008FD
:1051B00020D90008ECD700082DE9F04F87B07F4DCB
:1051C0001C4690F803E0B5F916B02E8BB5F91A70AD
:1051D000B5F91CC0B5F91E8006EB0B0390F906600B
:1051E0003244067916449E42B8BF3346B5F924606E
:1051F000B342A8BF334602935A45C8BF9346B5F998
:105200002260B345D8BFB34690F9056003900CEB1C
:10521000070006EB010ABA45C8BF57460AEB0E0164
:105220004745D8BF47468142B8BF0846B5F9201068
:105230008842A8BF084606970490874280F2BB8048
:105240000298834580F2B7800398D8468178038816
:1052500001F07F0649B243EA064B594B00294FD46F
:105260000698049903EB0B070D1AA8EB0201A0EBBB
:105270000A0001900298804500F09D800398019AF1
:10528000C3460491069B0026CDF814B0C07801FBFC
:105290000028D04AFCF77BF94FEA880AABEB000004
:1052A0004FF0000B00FB0230401A464901EB400969
:1052B0005D451ED008EB0B00BBF1000F01D0C1070C
:1052C00004D107EB600000F00AFE06460AF0040075
:1052D00026FA00F010F00F0206D039F81B00214624
:1052E00003F00CFF29F81B000BF1010B0AF1040A73
:1052F000DEE70499DDF81480013108F10108B9E70F
:10530000A8EB02004FF000090125002600FB0EF774
:10531000002F4DD02A48584400F0E1FD05EB101154
:105320000022B7EB101F00F00F060BF1010BA1EBF1
:105330000709C8BF7A1A1746C8BF4FF00009E7E748
:10534000039D5746CDF81480E878504487422BDA05
:10535000B9F1000F0AD11A48584400F0C0FD0121EC
:1053600000F00F060BF1010B01EB1019C6B1069806
:10537000874215DB0498874212DA964A059BDFF8CC
:105380004480FCF704F9181A50433246401A21466B
:105390003D1838F8150003F0B1FE28F81500039DFC
:1053A000A9F101090137CFE7DDF8148008F1010800
:1053B00002988045C4D1FCF7B5B800BF7800002042
:1053C00072A60290B82700207CB50446A0F8D2123D
:1053D000407901260D46667184F8D4022046FCF718
:1053E00031FFFBF70DFBCDE900010A4905EB450054
:1053F00004F52D75084A01EBC0001821C37D28462D
:1054000006F008FE2846FAF7A9FEA4F8CD6284F853
:10541000CC027CBD2CE9000811D9000810B5094A5E
:10542000936A102B03D1106B0130106310BD064C32
:1054300024F8330004EBC30000240133448093625A
:10544000416010BDF4000020641C00202DE9F041F3
:10545000D0F85844002504F1010EDDE906C41CB162
:10546000D4F80080676802E04FF00008002790F849
:10547000714480F85D5490F87054A0F85E2480F870
:105480005C14C0F858E4C0F86034C0F864C4C0F8D4
:105490006884C0F86C74102C0AD16C1C04F00F05E1
:1054A000D0F8744480F870540134C0F874440F2468
:1054B000661C2C4404F00F0480F8716404EB44046F
:1054C00000EBC400A0F8DE220022C0E9B83CC0E92D
:1054D000BA8780F8DC12C0F8D8E280F8DD22BDE897
:1054E000F08100001CB53C4C4FF4801121608DF818
:1054F00007000DF10700012105F0E7FF10202060F3
:105500001CBD00BF1CB59F200190AB20FFF7EAFF38
:105510000120FBF7C5FA304C4FF480106946042295
:105520006423206001A8FBF73DFD10212160C8B96C
:105530009DF802109DF801009DF80320090241EA40
:105540000040811825484165416D29B1416D6FF0DA
:105550007F42914218BF1CBD0B2180F864100520CA
:10556000FCF7C6F91D480A2180F864100120FCF7F9
:10557000BFF900BF2DE9F84F1648174E174C4FF4EE
:1055800080190DF1030A0DF1020B102540F6B93810
:10559000C76A05208DF8030050460121C6F8009027
:1055A00005F093FF584601216422FBF7ABFB70B96D
:1055B0009DF80200074984F85C003560C96AC91B80
:1055C000414504D2C00708BFBDE8F88FE4E7FBF708
:1055D00061FA00BF780000201008014000000020A0
:1055E000F0B50D4C002918BF01214FF47A73002546
:1055F0002246B02D04BF1046F0BD6619B7798F4220
:1056000007D1675D3F1A48BF7F429F42BCBF324609
:105610003B460835EDE700BF60CB0008B0B5A1F10F
:1056200020035F2B0CD3A1F582621F2A02D8A1F5BB
:105630006C7305E0A1F58662202A2ED2A1F2AF3369
:10564000828893422AD21A4C34F813408C4225D1D6
:10565000934206D100218A4205D001312029FAD196
:105660001F23934201D10020B0BD4088114A184445
:1056700000F07F01451C01EB810102EB410432F88F
:1056800011108D4207D00C49082201EBC001A01C6B
:1056900000F0CEFB2580A01CB0BD8288044C002306
:1056A0009A42D7D034F813508D42D1D00133F7E766
:1056B000E0C9000824130020722202902DE9F04F67
:1056C00085B003914FF0000BC1B202930192364DA9
:1056D0004FF000094FF00008C3F800B0C2F800B066
:1056E000042928BF5846C7B221A050F827600020DF
:1056F0000490B0452ED24FF00C0A4446B44209D271
:105700003846214600F03CF8287818B10AF10F0A13
:105710000134F3E7B9F1000F14D009EB0A00B0F53A
:10572000917F11D90398834505D1019804990160AF
:105730000298C0F800800BF1010B4FF00009CDF882
:10574000108001E04FF00009B44238BF0134D14469
:10575000A046CEE70398834504D1019804990160DF
:10576000029806600BF1010005B0BDE8F08F00BFA4
:1057700022000000250000001F0000001E000000A5
:10578000074A084B00EB800002EBC00203EB40101D
:1057900050F82100525C00F11041034800F048BB72
:1057A000E2CF000884D00008041A0020F8B517469C
:1057B0000A4604460898BDF81C1041EA00450699BF
:1057C00098B23B4640EA01462946304602F050FA7C
:1057D00038B1DDE909106560266060810120217221
:1057E000F8BD0020F8BD00002DE9F84F002867D073
:1057F0008146DFF8200499F800200178114318D180
:1058000099F802100024022914D18178022911D1BB
:10581000417899F801208A420BD1417999F8052005
:105820008A4206D1007A99F808100C1A18BF012490
:1058300000E00024484600F05FFBDFF8D88306460E
:10584000404600F059FB864200D0CCB398F80C00DB
:1058500099F80C10814233D198F8000030B3FBF76F
:10586000E4FDE0B1FBF7DBFDC8B1FBF7D2FDB0B161
:1058700098F8740099F87410814210D109F164000D
:1058800008F164010C22FAF77EFC40B9FBF7BBFD7E
:1058900005D198F8080099F80810814222D057489D
:1058A000574900F015FA98F80000D8B9FBF7ABFD9E
:1058B0000AD198F80A0099F80A1081420ED111E035
:1058C000BDE8F84F00F0AABAD048D14900F000FA7C
:1058D00098F8000030B9FBF796FDEAD0CE48CF49E2
:1058E00000F0F6F9D8F81C10D9F81C0005F088FD76
:1058F00018B1CB48CB4900F0EBF998F8000000282C
:1059000040F0328198F80E0099F80E10814207D1CC
:1059100009F10F0008F10F010C22FAF734FC18B15D
:10592000C148C24900F0D4F9D9F82400D8F82410AD
:10593000FBF710F830B1D9F82800D8F82810FBF799
:1059400009F818B9B848BA4900F0C2F9D9F83000D6
:10595000D8F83010FAF7FEFF18B9B648B64900F08B
:10596000B7F9D9F83400D8F83410FAF7F3FF18B9BA
:10597000B248B34900F0ACF9FBF7CAFD38B9B148F9
:10598000B14900F0A5F9B148B14900F0A1F9FBF720
:105990004CFD30B1D9F85000D8F85010FAF7DAFFC2
:1059A00018B9AC48AC4900F093F9AD48AB4E08F1DA
:1059B000640509F1640700244FF0010A8346032CB3
:1059C00020D099F8742098F874100AFA04F04A402C
:1059D0000240120609D03046594600F079F906F522
:1059E000D816043504370134E9E70842F7D038689F
:1059F0002968FAF7AFFF0028EDD0F0E70100230097
:105A00003E011E00FBF70BFD30B1D9F85800D8F865
:105A10005810FAF79FFF18B992488F4900F058F9CB
:105A2000FBF7F7FC30B1D9F86000D8F86010FAF74E
:105A300091FF18B98C48884900F04AF999F8080094
:105A400098F8081088420FD0884C4FF4D815884E2B
:105A500000FB0540314600F03BF998F8080031465C
:105A600000FB054000F034F998F835010F280FD0FD
:105A7000FBF748FD40B1FBF73FFD28B1FBF736FDD2
:105A800010B1FBF745FD18B97A487B4900F020F9C1
:105A900098F836010F280FD0FBF71CFD40B1FBF73B
:105AA00013FD28B1FBF70AFD10B1FBF701FD18B992
:105AB0007248734900F00CF9FBF724FD18B97148DE
:105AC000714900F005F9FBF717FD18B96F486E49E9
:105AD00000F0FEF8FBF70AFD18B96D486A4900F0BE
:105AE000F7F8FBF7F7FC18B96A486B4900F0F0F8D3
:105AF000FBF7EAFC18B96948674900F0E9F8FBF7D9
:105B0000DDFC18B96648644900F0E2F8FBF7D0FC08
:105B100018B96448604900F0DBF8D9F83800D8F8C3
:105B20003810FAF717FFD8B1D9F83C00D8F83C1074
:105B3000FAF710FFA0B1D9F84000D8F84010FAF7F2
:105B400009FF68B1D9F84400D8F84410FAF702FF09
:105B500030B1D9F84800D8F84810FAF7FBFE18B968
:105B60005148524900F0B4F8D8F8C010D9F8C00034
:105B700005F046FC18B14E484E4900F0A9F8002047
:105B800000F11804782C2DD008EB000509EB000675
:105B9000D5F8C410D6F8C40088421BD1B5F8C800A7
:105BA000B6F8C810814215D195F8D00096F8D010FB
:105BB00081420FD1D5F8D410D6F8D40005F020FCDE
:105BC00040B9D5F8D810D6F8D80005F019FC00284F
:105BD0002046D5D03848394900F07AF83848394954
:105BE00000F076F8D8F83801D9F83811814207D199
:105BF000B8F83C01B9F83C11814208BFBDE8F88F04
:105C000031483249BDE8F84F00F062B80A00AF00F1
:105C10002C0151003C0200200E0141002100370000
:105C2000000101003A002100120031002301570059
:105C30002F001C00740031002900100079005A0068
:105C40001E001500A8003100280010003E0095013C
:105C5000320013007700B100BF0019008B00B100C3
:105C60004F0019007700CC007700E7000A00AD0074
:105C70002C0120000E0024018A008400A9002401C8
:105C8000890084000E002E018C0018000E005401C3
:105C90000E007A01A8002E018B001800A8004F0109
:105CA000A8006F01A8008F013E006900F6001F00E8
:105CB00008005B0030011200070065003201BC00E3
:105CC0000700510132015B0007005C003201510105
:105CD0002DE9F04F85B0044680B28209042A02D82B
:105CE000620D0E2A01D9002513E0220C02EB1143AC
:105CF00089B2B3F5F07F084428BF4FF4F073991AC6
:105D0000B0F5A07F28BF4FF4A070001B80B240EA1E
:105D10000145B5F5803F7DD3A8B200287AD0684907
:105D2000DFF8F4B04FF0000A886D91F8018001307F
:105D300088655FFA88F05FFA8AF1814255D20BEBF1
:105D4000C1095BF8317000952346D9F8046003A8B7
:105D50003946324601F0C3FFA2B2A8B2BBB28118E5
:105D600002318B4222D8B1B20B4402339A421DD881
:105D70004FEA154C3B0C0CEB14420232934215D8FF
:105D800003EB1642230C023293420FD84FEA164E11
:105D900000FB0CF0BDF81030BDF812200EFB010026
:105DA0005A4300EB8000B2EB900F02D90AF1010ACE
:105DB000BFE7009501A839463246234601F08FFF20
:105DC0003F48A8F10108DDE901454FF0000A80F8DD
:105DD00001805FFA88F05BF830100BEBC000406880
:105DE000C9F80010C9F80400A3E7172809D8344AF5
:105DF0004BF8304008F101010BEBC00045605170D9
:105E000008E00A482E49CBF804000020CBF8000037
:105E100001204870FBF789BBF011002028480021C1
:105E2000417002490020FFF753BF00BF4001E0016D
:105E30002DE9F84F93468246B1F1104F2ED3080E4C
:105E400090282BD801F1E0461C49DFF87480DFF878
:105E50007490BBF1000F08BFBDE8F88F06F03F0556
:105E6000C5F140075F4528BF5F468E421CD8881B9E
:105E70000130874218D830460C46FCF761F8D8F854
:105E80006C003A4609EB801041195046FAF730FC95
:105E90002146ABEB070B3E44BA44DAE750465A467C
:105EA000BDE8F84FFAF724BC01205946C8F868004D
:105EB0005046FAF744FCBDE8F88F00BFAC4F120023
:105EC0007800002064090020B0B5044600F007F80F
:105ED0000546601C00F003F845EA0020B0BDB0F1B3
:105EE000104F06D3010E902903D800F1E040FCF7D3
:105EF00027B800787047000088B181792F290FD327
:105F000041794A1E0B2A0DD80321DFE802F0090669
:105F10001E20222426282A2C2E30022100E01A21BD
:105F2000C8B270470178032929D001292ED0002951
:105F30003CD18278052A4ED81921DFE802F003040B
:105F4000434C5355ECE71621EAE70121E8E7082125
:105F5000E6E70921E4E70721E2E70421E0E706217B
:105F6000DEE70521DCE70021DAE70A21D8E700783F
:105F700004282FBF1321C0002349C140D0E7B0F847
:105F80003E012421012888BF2521C9E7C1780529C0
:105F900003D21D22CA40D20711D140781121022814
:105FA00008BF1021012808BF0F21B9E70079013887
:105FB000C0B20B283ABF17A1095C2E21B0E713A08D
:105FC000415CADE7007A1A21022808BF1E21012892
:105FD00008BF1D21A4E7417801290DD002290DD168
:105FE00023219DE71B219BE790F91B001921B0F1AC
:105FF000FF3FC8BF182193E7202191E7C07A2121F4
:10600000002808BF1C218BE7131215140E0E0D0B70
:106010000C0000002B2C2D2A292827262C2D2D00A2
:106020002DE9F04F91B091460E460546FFF764FF0B
:1060300083462F2005F52D770DF1200CA8719FCFF9
:10604000ACE89F00701E162800F2B38695F8CF8248
:1060500095F8CE4205F52D7ADFE810F031004500C5
:106060005E007200770089009800C30024013201AD
:1060700048015701750187018F0117001700A00122
:10608000BC01CB01F00100020D02B9F1000F00F1DB
:106090009086B9F11F0F00F28C8668790238C0B281
:1060A000082800F286861A2121FA00F0C00740F085
:1060B00080861FFA89F0FBF77DF900F015BDB9F174
:1060C000000F00F17686B9F1030F00F2728600200E
:1060D00085F8009000214A4600236871FBF7E7F835
:1060E000012600F001BDB9F1000F00F16286B9F19F
:1060F0000B0F00F25E8685F80490FFF78FFE0020FC
:1061000001214A460023CDE9001028460021FFF76F
:106110009DF9022600F0E8BCB9F1010FC0F24986F2
:10612000B9F10C0F00F2458604BF0020A5F88C04DD
:106130005FFA89F1284602F0A5FF032600F0D4BCDF
:1061400000200426687100F0CFBCB9F1000F00F107
:106150003086B9F1020F00F22C866979287A85F829
:106160000890002900F01283052600F0BDBCB9F1AB
:10617000000F00F11E86B9F1370F00F21A8628468B
:106180004946FFF721F9062600F0AEBC6E790020E3
:1061900085F8CE02012E18BF062E40F0EF81B9F12E
:1061A000580F00F0B481B9F1430F08BF012E00F081
:1061B000AE81B9F13C0F00F0A482B9F1420F08BFE3
:1061C000012E00F09E82A9F13000062E40F0D3830C
:1061D0000A28C0F0D783A9F14100062880F04A833D
:1061E000D0E36879811EC9B208299ABFDFF8382D3B
:1061F00052F821104FF0FF310B2800F0E5810628FE
:1062000000F01682012840F0358295F8B402069419
:10621000CDE904A84FF42D7A4FF07E564FF00008D8
:1062200003902D2808BF40F2B52AB5F8D202002706
:106230000290002015F80A402E2C1CD0002C00F0F3
:10624000BA82302CC0F0D282392C00F2CF8208F111
:106250000108B8B1D7493046FAF7D4FA0646A4F196
:106260003000FAF785FB3146FAF7CCFA3946FAF7EF
:1062700071FA074602E0002840F0B88201200AF1D6
:10628000010AD7E7A4F13000FAF772FB3946074656
:106290000846C949FAF7B6FA3946FAF75BFA0746EB
:1062A0000020ECE76979012940F02A81B5F8D20293
:1062B0002A2804BFC148C5F8F00195F8D40223E1AB
:1062C000B9F1000F00F17585B9F1040F00F2718585
:1062D000484685F80390FAF74BFB0346002003215C
:1062E0000022FAF7E4FF0A2600F0FEBBD5F8807220
:1062F000DFF8300C00210A2900F0D88050F8212066
:10630000BA4280F0D4800131F5E7B5F8C80018B181
:10631000AB48AC49FFF7DCFC95F8840280F0010043
:10632000010685F8840200F0F880002105F1C8021A
:10633000002385F8371185F83411602B00F0F180C7
:10634000D1521833F9E7D5F83801B5F83E61002885
:1063500000F0F280B5F83C01072180B20630B0FBB6
:10636000F1F1002908BF0121E7E00020042100220B
:106370000023FAF79CFF0E26B6E36879032840F065
:106380001885D5F8F031264600242846052100223C
:10639000FBF757F86C7134460F26A5E3B9F1000FEF
:1063A00000F10785B9F1020F00F2038527466C78EA
:1063B000484685F80190FAF7DBFA034600200221EF
:1063C0000A22FAF774FF5FFA89F0261A3C4618BFD2
:1063D000122689E3002085F8CC02B9F1000F484667
:1063E00018BF0120B8EB000685F8CF0218BF1326AE
:1063F0007AE3B9F1000F00F1DC84B9F1040F00F287
:10640000D8840120CDE90584DFF80C8B002657469F
:1064100085F8D092A5F8CD020620687105EBC90079
:1064200000F28624082E00F0C080A35D38460321C8
:10643000424605F0EFFD02370136F3E728790628DA
:1064400004D1002085F8850207202871002008214A
:1064500000220023FAF72BFF152645E328790728A9
:1064600004BF062028710020092100220023FAF72A
:106470001EFF162638E3A9F262200B2800F20B81DA
:106480004E4BDFE810F00C004E0154012A012A01A6
:106490002A012A012A012A012A015E015C012846FB
:1064A0000321C5F8F03102F0EDFD55E10A21002687
:1064B000002200230A2938BF0122B9F1000F48BF8A
:1064C00001231A401346002918BF4FF0FF33B9F1DA
:1064D000000FD8BF1346194450F82100C5F88002B8
:1064E000FAF74FFA0346284603210122CDE9006658
:1064F000FEF7ACFFD5F88002874218BF0B26F3E207
:106500000020062908BF052068710926ECE200205A
:10651000A5F8CC0285F8B402ACE195F8371185F8FE
:106520003411C0B2FAF72DFA0346002003210222EB
:10653000FAF7BDFE0C26D7E20221002E32460846AD
:1065400008BF01228A4238BF10460EB18A4201D9E3
:10655000A5F83E01B9F1FF3F07DDB9F1000F18BF03
:10656000914240F2AB80012104E0012840F2A58075
:106570004FF6FF710844A5F83E019FE00B2E40F056
:106580007981B8F1000F404618BF0320B9F1420FDE
:1065900000F05781B9F1430F40F05B81FAF7F2FF49
:1065A00043F23001A0F8B41264E11020142685F8FB
:1065B000CC0221E1CDCCCC3D00002041000080BFC9
:1065C000070065003201BF0095F8B40295F8B512D6
:1065D00000EB800001EB4000A0F5F070472800F3CD
:1065E0007F8295F8B71295F8B82201EB810102EB92
:1065F0004101A1F5F0716C2980F27282BAF8042091
:10660000C0EB001001EB8000A5F8B222DAF8002000
:10661000A0F53760C5F8AE22FAF7AAF90346264678
:106620000024284606210022FAF70BFF6C71ABE02C
:1066300095F8CC02102840F05382264605F2B52189
:1066400000220EA8082A00F0898011F812306FF09D
:1066500036043A2B38BF6FF02F04234405EB420475
:1066600094F8B4423A2C28BF093443EA0413835403
:106670000132E7E7002900F190800A28CDE905847E
:10668000CDE9031A00F0F880072840F01281242693
:106690004FF02A08F3E0B9F5967F1ED12979002042
:1066A000082940F0A38309214FF496720023297131
:1066B000CDE9000028460A214CE0012080B2FAF71B
:1066C00060F90346002000210322FAF7F0FDB5F837
:1066D0003E01361A18BF0D2606E268790C285FD1F4
:1066E000A9F164010229C0F09A80B9F5FA7F00F09F
:1066F000828140F2F511894540F0818026460024D0
:106700007BE195F8CC12002085F8CD02002900F03D
:10671000B180013985F8CC12C9B2294481F8B4029C
:10672000A8E00020C5F8F001FFF778FB14E0D64898
:106730002A21C5F8F0012846FEF746FE0CE04FF08E
:106740007E5395F8840238B9002003210322CDE955
:1067500000002846FEF77AFE1726C5E195F8D0120C
:10676000DDE90E2305EBC101C1F88A32C1F88622AA
:106770000021002395F8D022CDE9001028460721FA
:10678000FEF764FE052068713446ACE129780029E3
:1067900000F0B680BD48BE49BFE000206871A2E1AC
:1067A00029F0010164292AD10A2838D1A9F164000D
:1067B000FAF700FED0E703982D2808BF87F00047BE
:1067C000B8F1010F12DB0298DFF8601700EB400010
:1067D00001EBC0043846E168FAF792F830B9216954
:1067E0003846FAF7A9F8002800F05C81012085F806
:1067F000CE02DDF810A00826DDE9058474E1A9F1D8
:106800006E0189B203290AD8072808D109EB0500CF
:1068100090F80E1281F0010180F80E129CE729F029
:10682000030178297ED100F0FE00082840F08B801B
:1068300009EB050090F8041281F0010180F80412C0
:106840008AE7FAF79FFE90F8B41280F8B51230216B
:106850000EE0A9F1300109290CD895F8CC120029D5
:1068600000F00B81FAF78EFE90F8B51280F8B59221
:1068700080F8B412072637E120264FF0240805EBF4
:1068800086004FF0000A00F5A474B04511D0E76F00
:1068900020683946FAF75EF840B9284601213246A9
:1068A0003B462760CDE900AAFEF7D0FD043401364F
:1068B000EBE7039A022A0ADCD5F87C1205EB82008A
:1068C000C0F8701200200F90D5F87C0201E0002083
:1068D0000F90D5F840120E9005EB8200DDE904A878
:1068E00000230024C0F82812D5F840020EA9CDE9F3
:1068F000000128460221FEF7A9FD6C71069CF2E01A
:10690000644E4FF4D817644C00FB07602146FFF734
:10691000DFF9287A214600FB076011B0BDE8F04F8F
:10692000FFF7D6B9A9F10A0080B202280BD895F872
:106930006C02A9F10A01274685F86C120E1A18BFDD
:106940001726012486E0A9F11400022877D3B9F1B3
:10695000010F00F04582B9F11E0F40F0538295F807
:106960006E0203210130B0FBF1F101EB4101401A4D
:1069700085F86E023AE20A2804D3A9F12D00012815
:106980003FF678AF95F8CD0220B10020A5F8CC02F3
:1069900085F8B402B9F12E0F12D0B9F12D0F16D12E
:1069A0009AF800002D2840F0078295F8CC2205F2D5
:1069B000B5215046F9F79CFE95F8CC0201380CE25F
:1069C00050462E21F9F7C0FB00287FF453AF172162
:1069D000062E08BF102195F8CC0281427FF64AAFFF
:1069E000411C85F8CC120AF80090002195F8CC02E1
:1069F0000AF800103EE7264601242878B5F98C14E1
:106A00000EAA07ABFEF75AFE34B1B5F98C14012972
:106A1000A4BF0139A5F88C1440F2F511344689451C
:106A200008D1B5F98C144A1C82423EBF88B20130AD
:106A3000A5F88C0419481A49FFF74AF98CE695F82D
:106A40006D02A9F11401274685F86D120E1A18BFC0
:106A500017260024B9F1010F05D0B9F11E0F05D199
:106A600095F86E0207E095F86F0204E0002C00F044
:106A7000E68195F86C023C46B9E12844012185F88D
:106A8000CC1280F8B592E2E640017E480100230076
:106A90003E011D000A00AD002C0120000C00280062
:106AA00028018D01E07D002800F0E581029E022E84
:106AB00000F2D08105EBC600D0F8D8113846F9F7BE
:106AC0001FFFDDE904A8069C50B9700005EB8000AB
:106AD000D0F8DC113846F9F705FF002840F0FA81BC
:106AE000012085F8CE0208262846FFF705FA8345DF
:106AF00049D1F7B2132F13D80120E549B840084215
:106B00000ED095F8CE0284420AD195F8CF02804586
:106B100006D108A85146F9F728FB002800F0498162
:106B20006E79B01EC0B208289ABFDFF8FC1351F886
:106B300020304FF0FF33172F00F2B7800120D449E7
:106B4000B840084222D110F4403F41D00020B3FAAF
:106B500083F1B9F1030FB8BF0120490901404FF09B
:106B60004F0009FB00F2084618BF02F16E000A460A
:106B70001EBF91222D21C0F22101012B67D1B9F155
:106B8000030F69DD6EE0FFF749F912E100210022F1
:106B90000020012E08BF17220B2E08BF1522012E40
:106BA00008BF60200B2E08BF6220012E04BF40F2F8
:106BB0001111C0F222010B2E04BF40F21311C0F2DA
:106BC0004101062E40F0F180DE4915226D20ECE0F7
:106BD000172F6AD129F0010C86F00A0009EB49024F
:106BE000D34C42F2811E8CF0640151EA00074FF051
:106BF00000004FF0000108BF04EB42104F22A9F142
:106C00006E0409FB02F8032C4FF00004B3FA83F280
:106C100038BF01245209144018BFA8EB0E0000220F
:106C2000002F08BFCF22002C18BFC322002F04BFA3
:106C30005221C0F21C01002C1CBF6621C0F21B01B6
:106C4000012B38D129F00303782B3AD041E0B9F178
:106C5000030F07DC022B05D13620B949912209FB2D
:106C600000F07F300024B9F1080FB8BF0124DD1E09
:106C7000B5FA85F56D092C4009EB49141FBF04F1E5
:106C80007200F7223421C0F21D01B9F1020F00F3A6
:106C90008C80042B40F0898009EB8900AD211822FB
:106CA00001EBC0004FF014117FE0002E48D000210E
:106CB0000020002279E029F00304782C09D1022B6E
:106CC00007D136209B4941F6CE0209FB00F0801A1D
:106CD000C322002E69D12B78022B22D1A9F10A04FC
:106CE0000026032C38BF01262C79651E84F002078C
:106CF000B5FA85F56D0935408CF014063E43B6FAB9
:106D000086F6760935438C4D1EBF05F18D01742240
:106D10005E20B9F11E0F01BF042C05F19401702211
:106D20005E2029F00304C82C08BF012B3DD17B480D
:106D30007B49FEF7CDFF8149072240F2511034E034
:106D40002878122F0CD1012813D00228AFD128792E
:106D50000028ACD17848742200F18D01B82024E0DD
:106D6000012814D10C2F04D17849A22240F22B1013
:106D70001BE00022744800210B2F08BF00F11A010C
:106D80004FF0000004BF40F22F1032220DE000212E
:106D90000D2F7FF48DAF03284FF000004FF000025D
:106DA00003D169498C224FF4C77042EA0040FEF7D4
:106DB0008FFF11B0BDE8F08F95F8CC1216293FF681
:106DC00059AD4A1C05F2B5205146F9F791FC2D202A
:106DD00085F8B40295F8CC02013085F8CC0249E57B
:106DE00095F86F0280F0010085F86F021726C0B297
:106DF000F9F7C7FD034600201FFA89F20A21FAF7C6
:106E000056FA71E64FF6FC702746002400EA0900A6
:106E1000C8281DD109EB49003E4905EBC000425C82
:106E200082F001024254D0B2F9F7ABFD0346284686
:106E300003214A46FAF705FB17263C4654E629F09B
:106E400001003C4614280CBF95F86D020020CEE7E7
:106E50001726FFE5A6F1200009281BD886F00101BE
:106E60002846FBF7EFF90146F007039738461AD199
:106E7000F9F746FD19E03846F9F795FDF9F778FD81
:106E800001463846F9F766FD00283FF4AFAC0DE641
:106E900080010800DDE904A8069C2A2E1AD10320EF
:106EA000C5F8F0717AE4F9F747FD00283FF49EAC8D
:106EB0000DF1080A95F8D402DDE905849AE8C004CA
:106EC0000A2801D0072805D1687105EB8600C0F8B3
:106ED000C47108E605EB86003946022EC0F84871F9
:106EE00007D0012E08D0029A0B4652B905F14C008A
:106EF00004E005F15C0001E005F15400029A0B4644
:106F0000016000200121FAF7D2F995F8D4026871E6
:106F10006FE400BF10EEFFFFAED800080700650069
:106F20003201BF007CD40008BCC900082CE900086D
:106F300013DBFFFF66001B0034001D0032015B0005
:106F40002D00210015011E002800180096002300C6
:106F50002DE9F04F87B0A3B38B46002931D4814689
:106F60001FFA8BF0800904282BD89246002A28D4D7
:106F70001FFA8AF040090E2823D848469846FEF7A3
:106F8000BBFF0646B9F8A4040025C0EBC0004400CE
:106F9000AC4212D0D9F8A004415DB14218BF2F29EC
:106FA00009D147195A465346D7F80200D7F80610B8
:106FB00000F05EFE50B90E35EAE799F8710002283C
:106FC0000BD10026304607B0BDE8F08FB91C404613
:106FD0000C22F9F78DFB0126F4E799F805000C283F
:106FE000EFD8DFE810F034004D0077008F00CC00C0
:106FF000F7001E0148010D000D0092010602530228
:10700000002480271F254FF06A090126B7F5AC7FC1
:1070100000F06D822B205946524692230097CDE90D
:1070200001051120CDE90304FAF71FFA0028D2D197
:1070300004F1780017215246C123CDE90079029569
:10704000FAF74EFA363701340028DFD0BAE70025C8
:1070500007244FF4D9770126042D00F04D824A20F1
:107060005946524623460097049501902920CDE9C0
:107070000206FAF7FAF94E3401350028ECD0A1E700
:10708000002403252C274FF05F0901260C2C00F06B
:107090006E82E1B20FF6C030B1FBF5F1005D01FB8D
:1070A00007F29A3200925A22019228220292072273
:1070B000CDE90320A1EB8100594652462044C0B2DD
:1070C00000FB09F000F11503FAF7CFF901340028AD
:1070D000DCD077E70024AB2521274FF48779012600
:1070E000032C00F069821020FAF797FACDE90059D5
:1070F0000297CDE90304FAF7B8F9283501340028DE
:10710000EED05FE7D9F8F00100210027F9F706FC7F
:10711000002840F0968240F263204FF48B76C02125
:1071200017241F2552461423CDE90016049040462B
:107130005946FAF77FFA00287FF44DAF4FF41970E3
:10714000E42152461423CDE90254CDE900160490FF
:10715000FAF739FA00287FF43EAF002009211F22F8
:107160004FF48B734FF48474CDE90221CDE90043D1
:10717000FAF7D1F80646002818BF012622E70520B5
:10718000032124228C234524CDE90221CDE90043AB
:107190000490FAF7D2F8A023FEF708FB00287FF44A
:1071A0001AAF002472251D274FF034090126082C40
:1071B00000F06582112059465246F723CDE9005967
:1071C0000297CDE90304FAF750F92135013400287C
:1071D000EDD0F7E60420032124228C234524CDE9B9
:1071E0000221CDE90043FAF796F800287FF4F3AEC8
:1071F0000025842722244FF0B9090126052D00F02F
:1072000045821420594652466E23CDE900790294F6
:10721000CDE90305FAF729F92F3701350028EDD01C
:10722000D0E60024032523274FF014090126092C5A
:1072300000F0D981E1B20FF60420B1FBF5F1005D59
:1072400001FB07F2B2320092342201921F22029215
:107250000722CDE90320A1EB810059465246204484
:10726000C0EBC00009EBC000C3B2FAF7FEF801346E
:107270000028DCD0A6E64FF00009972725242B2C08
:1072800000F0F8812B20A7F128061F255946524609
:1072900092230190112000960295CDE90309FAF797
:1072A000E4F800287FF497AE6A2109F16E00524697
:1072B000C1230096CDE901151721FAF711F900282D
:1072C0007FF489AE601E06261F21672552463523AE
:1072D0000097CDE90151CDE90360FAF774F9002870
:1072E0007FF479AE1F2059465246C423CDE900757C
:1072F0000494CDE90206FAF7B8F802344F370126B4
:1073000009F101090028BAD05CE6642056269121D3
:10731000172420255246CD23CDE90016049040467F
:107320005946FAF787F900287FF455AE6520F12118
:107330005246CD23CDE90254CDE900160490FAF768
:1073400042F900287FF447AE202406255F26B8279F
:10735000F9F7F3FF3D23FAF709F90494FEF726FA4B
:1073600000287FF438AE212059465246C423FAF74C
:10737000FDF80490FAF779F800287FF42CAE22206B
:10738000062420265F274FF48C75594652463D232C
:1073900004904046CDE90057CDE90264FEF706FAB5
:1073A00000287FF418AE4FF02309F9F7C6FFC42375
:1073B000CDE90057CDE90264CDF81090FEF7F6F95B
:1073C00000287FF408AE0920002489264FF4AE7708
:1073D000594652461523CDE902904046F9F7B1FFD0
:1073E00000287FF4F8AD23210820CDE90076029132
:1073F0009BE100204FF013092B2567277A2459467B
:107400005246332304904046CDE90047CDE9025966
:10741000FEF7CCF9012600287FF4D4ADF9F78DFFF3
:10742000A623CDE90047CDE902590496FEF7BEF93F
:1074300000287FF4C7AD00240325AD274FF05E0977
:1074400001260C2C00F05F81E1B20FF2FC70B1FB61
:10745000F5F1005D01EB810207EBC20200925A22B6
:107460000192242202920722CDE90320A1EB8100A0
:10747000594652462044C0B200FB09F000F1150302
:10748000F9F7F3FF01340028DBD09BE54FF4FA70E5
:10749000172420253E264FF4C9775946524610231B
:1074A00004904046CDE90076FAF7C4F800287FF44E
:1074B00092AD40F2F51059465246F223CDE90076DE
:1074C000CDE902540490F9F7D0FF00287FF483AD92
:1074D0000020042120228A234FF4C974CDE902211F
:1074E000CDE900430490F9F728FF5B2322E1F9F787
:1074F0006AFF4FF4B0770AE10B2003241D213622E6
:107500004FF48173CDE90042CDE90214F9F770FF21
:10751000012600287FF456AD0C2020218A227023FA
:10752000CDE90062CDE90214F9F762FF00287FF48B
:1075300049AD99F80000002800F00B8100250124D6
:1075400023270126032D00F0FB806A20594652466E
:107550002346009701901D2002900520CDE90305E8
:10756000F9F783FF6A3401350028EBD02AE5432080
:107570000724262589264FF4A57759465246152318
:1075800004904046CDE90076FAF754F800287FF4DD
:1075900022AD422059465246A323CDE90076CDE9DB
:1075A00002540490F9F761FF00287FF414ADF9F755
:1075B0000AFF40F27517AAE0002409202325882637
:1075C0004FF48F77CDE902504046FAF726F8F9F7E5
:1075D000B8FE00287FF4FFAC0820CDE900760494C3
:1075E000CDE9025065E0302007242021A4224FF489
:1075F0008E73CDE90032CDE90214F9F78CFE002834
:107600007FF4E9AC00272B2532244FF02F09012607
:10761000062F52D0790807F14100F523524601FBAD
:1076200009F1B2318DE832000721CDE90310F807E6
:10763000594608BFBE23F9F718FF01370028E7D0E5
:10764000C0E4092023248825EA26F9F7E6FF0497F9
:10765000CDE902404046CDE90065FEF7A7F80028D5
:107660007FF4B9AC00200F21CDE90065CDE90241DE
:1076700004901EE0F9F7A7FE4FF4B57747E0002429
:1076800009202125892640F2811740E04FF00009AA
:1076900004252126882740F281144046F9F7BDFFD2
:1076A000F9F75DFFFEF782F800287FF494ACF9F754
:1076B00056FFF9F742FEA2233CE05820072420257C
:1076C00088264FF4A177F9F7A8FF04904046CDE94A
:1076D0000076F9F7AFFF00287FF47DAC3C205946D7
:1076E0005246A223CDE90076CDE902540490F9F781
:1076F000BCFE00287FF46FAC0024092023258826D7
:107700004FF4B3775EE7F9F75EFE40F25D17CDE91F
:107710000250F9F712FE1523F9F713FE00287FF443
:107720005AAC0820CDE900760295CDE90304F9F7BB
:1077300004FEA323FEF73AF800287FF44CAC40E4A3
:1077400099F8000003283FF63CACDFE800F0023E69
:10775000597299F8710078B140F26220172119220C
:107760004FF498738C24CDE90221CDE90043F9F759
:10777000CBFD00287FF42FAC0420032169224FF4B5
:1077800098732324CDE90221CDE90043F9F7BCFD2C
:1077900000287FF420AC0024AF251A274FF05009B1
:1077A0000126032C00F08E800620594652468B237A
:1077B000CDE900590297CDE90304F9F756FE1B35D0
:1077C00001340028EDD0FFF7FDBB002407274FF060
:1077D000650943250126032C00F0A1801F2059468E
:1077E00052463B46CDE9005902900A20CDE90304F8
:1077F000F9F73BFE663701340028ECD0FFF7E2BB17
:1078000042240FF264455C270126B4F5B47F00F0F2
:10781000FF80262115F8010B52460823CDE90047C9
:1078200002910221F9F75CFE2A340028EDD0FFF71F
:10783000C9BB02200321202240F231134324F9F76F
:1078400071FD00287FF4C7AB00200E2123254C22B8
:107850004FF4C5760723CDE90062CDE90251F9F76F
:10786000C7FD00287FF4B7AB4FF0FF300D242D2764
:1078700059465246572304904046CDE90067F9F730
:10788000D9FE012600287FF49DAB4FF4C575F9F7AA
:1078900054FDB9234FF02309CDE903468DE8A0023A
:1078A000FDF784FF00287FF48DAB40F262201721A2
:1078B0004E22EA23CDE90052CDE902910490F9F776
:1078C0003CFD37E70720032470214FF4987295237D
:1078D0000827CDE90032CDE90214F9F715FD00289B
:1078E0007FF479AB40F209154046594652460823C9
:1078F0004FF0A3099426CDE903478DE86002FDF718
:1079000055FF00287FF467AB092003218DE8600252
:107910005246A423CDE90310404659460AE74FF0EA
:10792000FF302A2140F22B170B2423255246072330
:10793000CDE90071049040465946F9F77BFE0126D7
:1079400000287FF43FAB2B20594652467523CDE9E2
:1079500002540496CDE90070F9F787FD00287FF402
:1079600031AB00200C212324522240F22B17E623B6
:10797000CDE90072CDE90241F9F73AFD00287FF424
:107980002AAB4FF41B7017251E2659465246A223D8
:1079900004904046F9F7EAFDFDF708FF00287FF460
:1079A0001AAB40F26D20232140F22B12C323CDE904
:1079B0000026CDE90215F9F71BFD00287FF40BAB7B
:1079C0000A200321BF2240F231136524F9F7AAFCF3
:1079D00000287FF400AB002407274FF0490940F24C
:1079E0005315012640F23B1087423FF4EAAA582182
:1079F00004F1C80052463B46CDE9005902911721D7
:107A0000F9F76EFD4D3701340028EBD0FFF7DABAF5
:107A100099F80400022808D109200221F9F738FC5E
:107A200000287FF4D8AA99F80400092814D102206C
:107A30002221C8224FF4C573CDE90032CDE90210EE
:107A400004904046594652467023FDF7AFFE002889
:107A50007FF4C1AA99F80400032808D10A20022162
:107A6000F9F716FC00287FF4B6AA99F804000A2852
:107A700008D10B200221F9F70BFC00287FF4ABAAF8
:107A800099F804000B2808D103200221F9F700FC23
:107A900000287FF4A0AA99F80400082800F280804A
:107AA000DFE800F0051E4D7E377E466BA200002504
:107AB0007324B8270126032D72D040205946524620
:107AC0002346009701901F2002901220CDE9030564
:107AD000F9F7CBFC413401350028ECD0FFF772BA3E
:107AE000002473275D250126B7F59B7F58D04121DF
:107AF00004F10A0052463B46009501911F21029174
:107B00001721F9F7EDFC413701340028ECD0FFF7DD
:107B100059BA1E2017211F22C8235D24CDE9022156
:107B2000CDE900430490404659465246702332E066
:107B300000201521F9F7ACFB00287FF44CAA142093
:107B400017271F2561265D2459465246732304904A
:107B50004046CDE90046CDE90257FDF727FE002853
:107B60007FF439AA1520CDE90046CDE902575946E0
:107B70005246D523049040460DE016211F22C8230B
:107B800040F213140020CDE90043CDE90221049016
:107B9000F9F7D3FB7123FDF709FE00287FF41BAA38
:107BA000032605AD0624382E3FF40BAA484631467D
:107BB00004F0C0F9B0B128464946324604F06EF9E7
:107BC000BDF81600BDF81430BDF81810BDF81A2025
:107BD0008DE85700404659465246FDF7E7FD00281C
:107BE0007FF4F9A90136DEE74FF4967017211F24C0
:107BF000C82540F213127123CDE90025CDE90241D9
:107C0000F9F7F6FB00287FF4E6A90020152140F2E1
:107C10001B127123CDE90025CDE90241F9F7E8FBFC
:107C200000287FF4D8A902201F21C8224FF49F7397
:107C3000CDE90032CDE90210A9E700BF3738393469
:107C4000353631323300000031323334353637388F
:107C5000394230430000000037383934353631328C
:107C6000332D302E00000000000102030405060041
:107C7000B0B5044680B2904202DCB3EB144F01DA97
:107C80000020B0BD8DB205440020954205DD090CF1
:107C9000220C11449942C8BF0120B0BDB0B5049C6C
:107CA000012CBCBF0120B0BD121B8242A8BF0246FE
:107CB000651EA042B8BF2A46801A1A1B8A42A8BF76
:107CC0000A46A142B8BF2A46891A04FB04F2494376
:107CD00000FB00110020914298BF0120B0BDF0B51B
:107CE0000C0C4FEA134C8FB29DB2B4EB134F6646A7
:107CF00038BF0E0C4680AF4238BF3D46059F114449
:107D0000058089B23B449BB2994288BF0B46591B00
:107D1000818004EB12410CEB174289B292B291427E
:107D200088BF0A46911BC180F0BD00002DE9F047D5
:107D3000DFF824910122C0B2052889F8102029D14A
:107D40000846F8F749FEF0B16422B0FBF2F1B1FB4E
:107D5000F2F303FB1214A4B10C2C12D86FF06302DF
:107D600001FB0208B8F1000F0BD042F21071B0FB1A
:107D7000F1F6214606F5FA6A5046FAF77DFA804593
:107D80000AD9002001E04FF0FF30012189F81110DD
:107D90003049C862BDE8F08700276FF01D05AE428C
:107DA00008D005F5FA6000F095F83844013500F286
:107DB0006D17F4E70126A64206D250463146FAF77F
:107DC0005BFA07440136F6E707EB080040F2A3210F
:107DD00048434FF0FF3101EBC010D6E7722805D0C1
:107DE00001469638052801D3C72901D903207047D9
:107DF000A1F1C700A1F16402B0FA80F0B2FA82F2F8
:107E0000400952091043732908BF0220704700003F
:107E1000B0B50C46E0494A6B824219D9CA6B4B6D2A
:107E2000214602EB0010102200F58050984760B107
:107E3000E0894AF25A5188420AD1A5892046FAF7C8
:107E4000B9F9281AF9F797FBB0BD0348012101756C
:107E50000020B0BDF400002078000020B0B586B04E
:107E600003240A9D03940C9C0095022502940B9C0C
:107E700001941C4494FBF5F4023C049403F0D2FA00
:107E800006B0B0BDE0B58DF80700002002218DF8E6
:107E900006000DF1060003F018FB8CBD70B50C4E0A
:107EA0000D464FF00041144631604FF000513160F3
:107EB000FFF7E8FF4FF4005030602CB115F8010BCC
:107EC000FFF7E0FF013CF8E74FF40040306070BD81
:107ED000100C014081071CBF002070476421B0FBDB
:107EE000F1F202FB11014FF4C872B0FBF2F300296A
:107EF00018BF012103FB12007246F9F73CFB9646BE
:107F0000084370472DE9F04F8BB0A24FA24D4FF0C0
:107F100000080DF11C0BB7F83E016C6BC0EBC00004
:107F2000C61F00200690013C601C00F00681B8F1DD
:107F3000070F80F0028120465946FFF769FF0028AD
:107F4000F1D0BDF820904846FFF748FF8246D7F8A9
:107F5000380220FA0AF0C007E5D0069BB342C0F011
:107F6000E980079B914A08EB880102EB8100CDE98B
:107F70000460B3B38B4940F2B276B3FBF1F78A49A0
:107F800007FB01393046FFF7A5FF00F26D1087426D
:107F900002D33F1A0136F5E7012530462946FAF7A4
:107FA0006BF9874202D33F1A0135F6E73C224FF4C2
:107FB00061607B1CCDE90056B9FBF2F1B9FBF0F032
:107FC000B1FBF2F2C2EB0212A1EB820178A2CDE981
:107FD00002010598142104F01DF8BDF820906D4FA2
:107FE00003E07AA11122F8F783FB7D49C8EBC800B2
:107FF00001EBC006A9F16400142813D9A9F1C70048
:108000000B2820D9A9F18C000E2826D8DFE800F033
:10801000082A2A2A2A2A2A2A2A2A5E6062646600F4
:10802000924B68E06FA572A3DFE800F0650B1C1CA3
:108030001C1C1C1C1C1C2C232527292B1C1C1C1C39
:108040003600924B57E0DFE800F0060D4B4D4F0D28
:108050000D51530D0D55844B4DE0B9F1820F01D1F7
:10806000834B48E08D4BA9F16E0005281D4609D9C8
:1080700041E0854D06E0834D04E0814D02E07F4DF7
:1080800000E07D4D0998F8F7BBFC864ACDE9000178
:10809000304638212B4631E0DDF824904FF0824104
:1080A0004846F8F757FC00287A4D79484FF083414D
:1080B00018BF05464846F8F74DFC0028764818BF1B
:1080C000054629463046F8F76BF819E0654B12E093
:1080D000634B10E0614B0EE05F4B0CE05D4B0AE040
:1080E0005B4B08E055A306E050A304E04CA302E07C
:1080F00046A300E05F4B3046382169A203F08AFFB7
:10810000DDE90523684908EB4800BAF1010F224D6B
:1081100008F1010841F8202001EB80006449634A1E
:1081200008BF1146BAF1020F624A08BF1146C0E902
:108130000116049E01330693F5E6D7F838120020A5
:108140000022032A09D021FA02F3DB0703D005EB52
:1081500082031B6E18440132F3E7A7F83C01811D2E
:108160000720B1FBF0F0072938BF0120B7F83E1116
:10817000884204D2A7F83E01FFF7C4FE06E0387833
:10818000032803D105480649FDF7A2FD0BB0BDE861
:10819000F08F00BF3C020020F400002007006500C3
:1081A000320148018051010080AEFEFF64110020C1
:1081B000253032752E253032752E25303475202528
:1081C0003032753A25303275000000002D2D2E2DED
:1081D0002D2E2D2D2D2D202D2D3A2D2D0000000082
:1081E000DC1A0020D0A1D182D0BED0BF0000000098
:1081F000D0A1D0B2D18FD0B7D18C20D0BFD0BED13A
:1082000082D0B5D180D18FD0BDD0B000D094D0B0C5
:10821000D182D187D0B8D0BA20524F4D0000000093
:10822000D092D180D0B5D0BCD18F0000D093D18076
:10823000D0B0D184D0B8D0BA00000000D09DD0B06A
:10824000D181D182D180D0BED0B9D0BAD0B0000017
:1082500091E400088DE3000882DD0008A0E4000836
:1082600012E400085ADD000838DD0008BFE4000809
:1082700028E60008A3E50008A9E30008C1E5000816
:108280006FE600083DE5000848E50008E3E4000863
:1082900066E50008A0E60008DCDB000892E50008BF
:1082A00025730000A1DF0008E41D00204CDA00085F
:1082B0005ADA000869DB0008CAB0C24C4FF6FF0268
:1082C000206840F010002060BF4801681140BF4A9C
:1082D000114301600F20F8F7C9FCBD4F02227869F5
:1082E00040F001007861786900F001000290029886
:1082F000B86940F08050B861B86900F080500290D1
:108300000298B448016862F31A610160386800F0AD
:108310000C00042819D0386800F00C00082802D19D
:108320003868C00311D457F8040C40F4803047F883
:10833000040CDFF8840BC16A57F8042C920306D4AE
:10834000C26A521A642AF7D962E057F8040C3868F6
:1083500000F00C00082837D1386800F47410B0F52C
:10836000E81F55D1206810F0060F09D120680221BE
:1083700061F302002060206800F00700022847D166
:10838000386840F4E0603860386840F46050386025
:10839000386820F0F000386057F8040C800137D5B9
:1083A00038680221DFF8106B61F3010041F2883177
:1083B0003860F06A3A6802F00C02082A2AD0F26AA1
:1083C000121A8A42F6D923E0834900200860DFF8B8
:1083D000E80AC26A57F8043C9B0104D5C36A9B1A99
:1083E000022BF7D914E03A6822F400323A603A6876
:1083F00022F4741202F5E8123A6001220A60C16A9E
:1084000057F8042C9201ADD4C26A521A022AF7D945
:10841000F8F740FB206800F00700032809D3206824
:10842000022161F302002060206800F007000228AA
:10843000EED13868042161F30A203860386820F4EE
:10844000605038606548396801F00C02082A12D182
:10845000C1F383420FF66423C9039A5C02D46048D7
:10846000504308E0396850430FF66022C1F34041A1
:10847000515CB0FBF1F039680FF654221025C1F3BE
:108480000311515CC840DFF8581A88603078002822
:108490004FF0100018BF0F20F8F7E8FB786951493A
:1084A000514C4FF0010A0DF10809DFF840BA4FF0C6
:1084B000030840F010007861786900F01000029025
:1084C0000298786940F020007861786900F0200017
:1084D00002900298786940F004007861786900F0B1
:1084E000040002900298786940F008007861786989
:1084F00000F00800029002984FF4005008604FF41A
:10850000704125610025C4F81014CDE9020A04F574
:1085100000604946CDF814800495D8471020F8F73C
:1085200031FF4FF4806004F580644946CDE9035A79
:1085300002902046D8474FF47040F8F723FF2B48AD
:10854000DFF8AC494FF400710A234FF48272A0F5B2
:108550000060C4E90355C4E90551E561C4E9085563
:10856000C4E90A5384E8250094F85130002B3FD128
:1085700084F8505004950DF108097869494640F493
:1085800080507861786900F48050F8F7ABFEA02045
:108590000290469814488046F8F78AFA40204946E7
:1085A000CDE9035502904046F8F782FAA06AD4E973
:1085B00004A9D4E906180190206A009094E80548BF
:1085C00024E000BF002002400CED00E00003FA05AB
:1085D00004100240040001406000424200127A0090
:1085E00000093D0010100140000801400038014022
:1085F00000234FF000084FF000094FF0000A4FF041
:10860000000E4FF0000B019300230093022302F4AD
:10861000827284F85130D0F800C02CF0400303601F
:108620000BF404431A440EF400631A440AF00203E4
:108630001A4409F001031A4401F400731A4408F0C3
:108640003803DFF8B0881A44009B03F080031A4314
:10865000019B03F400531A430260042202EA114111
:10866000E74A4160C169934621F40061C16101207C
:1086700065654FF4E13184F851000C20C8E904210C
:10868000C8E90655C8E90A55C8E9085098F85100E4
:1086900040BB002488F850400494786940F480403E
:1086A0007861786900F48040F8F71CFE4FF40070A0
:1086B0000290469802ADD34829468246F8F7F8F969
:1086C0004FF480602946CDE9034402905046F8F704
:1086D000EFF9D8F81000D8E906C2D8F82850DFF82A
:1086E000009807E0C749DFF8F8974FF0000C002228
:1086F00058468A46242341F20C6188F85130C368F9
:1087000023F40053C360036923F440531A43026106
:10871000D8E90823C46842EA0C0224EA01011A439A
:1087200011430822C160416921F440712943B64DCB
:108730004161584508BF0B22D9F808103B684FF03B
:10874000010B23FA02F20FF2B07302F007029A5CF7
:10875000192321FA02F25A43D8F814309B00B2FBD5
:10876000F3F26423B2FBF3F404FB0522322505EB9C
:108770000212B2FBF3F202F0F00302F00F0203EB7D
:10878000041300241A448260026922F490420261B8
:10879000426922F02A024261C26842F40052C26079
:1087A0002020C8F8544088F8510088F85200C8F8D2
:1087B000444089F81C40C9F818109449DFF84087F4
:1087C000F06AC9F814004FF000500860552089F88D
:1087D0000CB08DF808004FF48040CAF810044FF434
:1087E0000040CAF810044FF08050CAF81004482026
:1087F0008DF818011420C0474FF48050CAF81004B7
:108800007820C047DFF8FCA60120F8F7B8FE7820F2
:10881000C0471120F8F7B3FE7820C04702A93A20DC
:108820000122D047DFF8E016C0200222D047DFF84F
:10883000DC16C1200222D047DFF8D416C220012264
:10884000D047DFF8D016C5200422D047DFF8C8167D
:10885000E0200F22D047DFF8C416E1200F22D047D6
:108860002020F8F78CFE46AD362001222946D0475D
:10887000DFF8AC7600200021B8472920F8F77FFE0A
:10888000DFF870A69620C04700206421B847022078
:10889000002189F80C000120B847F76A89F864B014
:1088A00002940FF28068DAF81000016802914068C3
:1088B00002900298F06AC01B00097C2833D8284631
:1088C00001211422F8F748FC03281BD0E0B9D9F89D
:1088D00068000130C9F86800032C9DF8181189F868
:1088E000701001D1522938D0A1F1500018F804209D
:1088F0007346F8F740FE9E46914208BF601C04286C
:108900000FD12AE020460CE0DAF81010DAF8540013
:10891000C9F86C00002002900A680292496802912E
:1089200002990446C6E7022089F86400FCF7EAFDD4
:1089300001206421F9F77AF8DFF8EC45204603F0CE
:1089400009FA002818BF012089F85D0099F85D0038
:1089500000285FD1B06EF8F7CBFF032089F86400E0
:108960005220F8F74FFF46A804214FF4FA6204257D
:1089700002F0FEFC264C4698A04240F07781FCF7BE
:10898000C1FDFCF7F7FD89F864500DF5847B1027D5
:1089900000254FF000084FF00009A14580F06F81DD
:1089A000DFF83C05B5FBF4F1C0F858900220F9F768
:1089B0003DF8F8F7CBFD00208DF80A8104218DF8F1
:1089C0000B014FEA19408DF8090120208DF80801AC
:1089D0000C4882464FF48010CAF81000584602F046
:1089E00074FDCAF81070FCF7C5FD6520F8F70AFFA2
:1089F00005F5C82509F5805908F11008CDE700BF35
:108A000000380140000801409CFFFF0F101001409A
:108A1000AD4F1200DFF814B503204FF49561CBF889
:108A20001C40DFF80C4589F80C002046F7F787FE5C
:108A3000DFF80005EA4AEB4BEB4904F1380CEB4F49
:108A4000EB4D20622F20E262EA4A6362FF23A071AD
:108A500002206373DFF8E034A070E748A262C4F834
:108A600040310FF2D8438046C4F89000E348C4F880
:108A70009C300FF2E843C4F89830DFF80035C4E9C1
:108A80001601C4E9210260653220DD49DD4AA4F8FF
:108A9000B202DD48C4F89430DC4BC4E91311C8219C
:108AA000ACE8A400C4F8AE0204F2AE20C4F8801210
:108AB0004FF4A471C4E91132E0610120A4F83E0131
:108AC0002073DFF8BC040830B1F50A7F04D050F8F9
:108AD000182B62500431F7E70120002707210F23EC
:108AE000FF2284F86C020320C4E98A13C4E98C32A3
:108AF00077657770C4E98E10FDF790F9DFF884048C
:108B000000213785F784B772CBE90077CBE902778C
:108B10007772172904D030F811200131A750F8E7F7
:108B2000E44900200FF26042C4F89080A070A4F8DD
:108B30000900C4F8AE128021E1762D21A4F8B2120A
:108B4000012184F88412302809D032F8025B04EB4A
:108B500040030C3083F8D010A3F8CE50F3E7F9F7B8
:108B6000F9FAFDF75BF90121DFF82824DFF8283452
:108B700000203174DFF81814CBE90940CBF8180055
:108B80003075CBE90D00CBE91900CBF86C00CBE9CF
:108B900015321022CBE9171002A94FF49410F9F7FF
:108BA0006BF848B1DBF8543046A94FF4CA101022D4
:108BB0009847002840F0D48001203075DFF8E003AA
:108BC00000250021A4F83C51C4F83801012084F8A4
:108BD00073008220FCF722FCC64C029520690168D4
:108BE000029102214068029002982520F8F764F86B
:108BF000EC48202101602069C16841F02001C1607A
:108C000006206421F8F712FF02F0C2FBB06E58BBD9
:108C1000E54CB44D042089F80C00F06A716C411ADF
:108C2000C9F81400B1F5FA7F09D3706455F8041C33
:108C300001F4005141EA014181F40051296002F040
:108C400011FAB06CF16C884209D000F0070004EB17
:108C50000010F9F727FBB06C0130B064F2E702F0C6
:108C600097FBB06E0028D8D0F8F742FE092089F8AB
:108C700064004520F8F7C6FD0320F8F739FE98494F
:108C8000052081F8640002206421F8F7CFFE964D9C
:108C90004FF0440800270DF1080A4FF0100B4FF079
:108CA000000903203946F8F7C1FE5FFA88F0F8F7AB
:108CB000A9FDA14536D28A48A4EB090741F28832C2
:108CC000B7F5807FC0F8589028BF4FF480775046A2
:108CD000394602F04DFBF8F739FC4FEA19208DF8C0
:108CE0000B9104218DF80A014FEA19408DF8090112
:108CF00002208DF808014FF48010286142A802F08C
:108D0000E4FB5046394602F0E0FBB9446420C5F864
:108D100010B009FB00F0B0FBF4F7FCF72BFC4FF0B0
:108D20007008BEE7DFF8B891062089F864007E4835
:108D300003F010F8002818BF012089F85D0099F8A9
:108D40005D104B20002908BF4520F8F75BFD99F81E
:108D50005D0000283FF4F0AD072089F86400EBE5E2
:108D600002A802F0E3FF054620BB46A802F0DEFFA2
:108D700000BB01204FF4941100254FF45828002720
:108D8000CBE90F10B80B1A2800F28B80DBF81C001F
:108D9000B5FBF8F1826A05209047DBF83C00DBF870
:108DA0005C103844884705F5C82507F5805700282A
:108DB000E8D101E746A802F0B9FF08B9039827E017
:108DC0000398479900230A1A002AB5FA85F2C8BF0A
:108DD000012352091A431BD04FF4CA12084619E066
:108DE00000809B4300005C430000FA4200001842F0
:108DF00000001C4200004842000080BF0000C84143
:108E0000000082420000244231373A3300002C42F5
:108E10004FF49412CBE90F20002742AD4AF25A5A80
:108E2000B7F5D64F3FF4CAAE38060CD15B48642183
:108E300007FB01004FF45641B0FBF1F1DBF81C00D9
:108E4000826A05209047DBF83C00DBF85430294665
:108E5000102200EB071000F58050984700283FF4DF
:108E6000ABAE0020102806D0295C0130FF29F9D0D4
:108E7000781CCBF83400BDF8160150450FD1BDF871
:108E800014812846F9F796F9804508D1BDF80C0100
:108E9000FEF7A4FF0BEB8000016E01310166013784
:108EA000BEE7DBE90F0103F061F800283FF484AE70
:108EB000B2E700BF2D2D3A2D7800002002030405F3
:108EC000060708090A0B0C0D0E0F10100102000016
:108ED000000000000000000001020304060708096A
:108EE000000000201010014000080140B10A0008F5
:108EF000841A002064010020000000000102030425
:108F0000A10A00089D7E00082ECC000830CC000885
:108F100032CC000833CC000810CC00081FCC00086D
:108F20002D1A00085043485738CC0008F4000020A0
:108F30003C02002038E00008DDBF0008D09ED0933E
:108F4000D0A0D090D09DD098D0A7D095D09DD098CB
:108F5000D09520D0A2D09ED09AD09000D0A1D09A07
:108F6000D09ED0A0D09ED0A1D0A2D0AC20D0A0D0F6
:108F70009ED0A2D09ED0A0D0900000007AE300083E
:108F80002CE90008B4CF00085D3D28F6668ECAF2D1
:108F9000291C0008951C0008791C000800CC290039
:108FA000E41D002004E100E038270020F0B5CD0AE0
:108FB0009C1AC60AC0F3451700F01F00554304FB76
:108FC0000655C1F3451601F01F015643514304FBFA
:108FD000076604FB0010B5FBF3F5B6FBF3F6B0FB38
:108FE000F3F0760146EAC525284380B2F0BD0000C3
:108FF0002DE9F04188B06C461F4905461E222046E7
:10900000F7F776FB2968DFF87480AE68201DC0474B
:109010002879002731468DF809708DF80800E88816
:10902000ADF80A0004F10C00C047E96804F1100033
:10903000C047D5E90401CDE905014FF6FF7041F2C3
:1090400021011C2F0DD0E25D80EA0220082232B1FE
:1090500003B2013A01EAD33383EA4000F7E701376C
:10906000EFE7ADF81C0006481E21C069026A684699
:10907000904708B0BDE8F08130C9000869B2000827
:10908000F400002070B50446881E0D46C0B20828C2
:109090009ABF194951F820604FF0FF3665710020E2
:1090A000002E84F8D40284F8CE0205D404EB8600A6
:1090B000D0F82802C4F8400204F5117004F5E471F8
:1090C0002822F7F715FB022E05D804EB8600D0F80E
:1090D0007002C4F87C020B2D0CD1002084F8CF0262
:1090E00084F8CC02B4F8B202A4F8B802D4F8AE0204
:1090F000C4F8B40270BD00BFBCC90008012A02DB7D
:109100000E2A01D9084670470F23FFF74FBF000012
:109110002DE9F04FCDB081464079CDF8249000285C
:109120000C9000F0C280DFF8580E007A002851D170
:109130006620012198222123012702F021FC00282A
:1091400048D099F8000000260FF60C71042828BFBB
:10915000304651F820500F20294602F0B9FB044652
:10916000DFF8F00EDD4940F23F122223C0F8221052
:10917000DB49C0F81E1042F6292043F6CC21CDE988
:1091800000100120012102F01DFAC4F5A070022197
:10919000CDE900570F224EF69E7390FBF1F5182192
:1091A000284602F0E9FC2C44132107224AF6D75343
:1091B000009604F10C0002F091F90FF6AC60DDF8B6
:1091C00024901821F8F7AAF9CDE9000604F1090066
:1091D00002F0D2FC0C9A501E0B2800F29182DFE8BC
:1091E00010F00C008F022B035F03BF033A048F02C1
:1091F0008F028F024F047604D504B9F8D2420021C1
:10920000204602F07BFE0C21DFF8608E40F2151242
:109210001523CDE900014EF69E70362102901520EF
:10922000C047DFF84C1E04EB440001EBC001D1E95C
:109230000304F7F7E5FB054620464E468946F7F757
:10924000DFFB0446B6F8D2020F46012102F056FEBB
:10925000CDE90059CDE9024704902FACDFF8142E78
:109260004021F8F74EF84AF6D750092140F215127E
:109270001123CDE90041029015204C21C04796F8FA
:10928000CE0206F52D7200284EF69E7018BF00F52E
:109290004B701421222380B2CDE90021602140F2DD
:1092A00011120290172000F061BC99F8000000280C
:1092B0003FF439AFDFF89C1D097A002900F047819F
:1092C000032801F2FA82DFE810F004009B066F0722
:1092D0009507099F0DF5867C07F14C053FCD47AEFC
:1092E0003FC6F86A7837FECF4690ACE80E003FA83C
:1092F000F0C0DFF8600D007A30B9099890F91B00D2
:10930000B0F1FF3F41F38183099E0DF58E784FF058
:10931000000B06F5BA7006F51C750D90DFF8340DDC
:10932000BBF1030F047A00F07C876CB91B204FF46B
:10933000957219230BFB00F000F1AF010B2002F036
:109340001FFB002800F0FD80099E012000FA0BF9A8
:10935000D6F8280210EA090F00F0E38064BB96F902
:109360001B00B0F1FF3F27DC1B204FF4957219233F
:10937000F8F700F896F8700043F24216DFF8F87C30
:1093800021464FF4957219EA000F41F2051008BF0B
:1093900041F20516CDE900060B201923B84741F22A
:1093A000E400F8F714F90B20B84743F24210F8F73D
:1093B0000EF9099E0B20B847BBF1010FDFF8BC1C6A
:1093C000DFF8BC0C08BF01461B200E910BFB00F020
:1093D00000F1BC0100F1B3070C9106EB8B010026F4
:1093E00064310B9100F1C801B1300A910890082E48
:1093F00000F0A78015F80B0058F8064058B1BBF1F3
:10940000000F0BD0BBF1010F0ED13649F8F7F8F879
:10941000DFF870AC12E0DDF838A010E03249F8F760
:10942000EFF8DFF864AC09E00D982F490068F7F712
:10943000E9F90146F8F7E4F8DFF850AC0446F7F72D
:10944000D4FF8DE803040FACDFF8442C3021F7F78C
:1094500058FFDFF8000C007A08B10EB92EE06EB1AB
:1094600009984FF2E25190F8700010EA090048F6AE
:10947000666008BF01465222E22023E0099890F876
:10948000740019EA000F19D008998B204F22192374
:1094900002F05AFB00200A990A2248F66663F8F7A0
:1094A00081F80B9915F80B000C6840B3BBF1000F65
:1094B00012D0BBF1010F19D10A491DE08B204F22B8
:1094C00048F666610B230094CDE901313946152336
:1094D000FEF7C4FC04368AE703490DE001002200D0
:1094E0006600FE00000070420AD7233C0D98EB494D
:1094F0000068F7F787F90146F8F782F80446F7F7AE
:1095000074FF8DE803040FACDFF8842B3021F7F7EC
:10951000F8FE00200C990B2243F65D53F8F742F851
:10952000D8E71B204FF495721823F7F723FF41F279
:10953000051021464FF49572182300900B2002F07D
:1095400071F8099E08F108080BF1010BE6E699F99C
:109550001B00B0F1FF3F3FF7EBAD09F15C0009F1F3
:1095600064064FF0070B4FF001080025089009F141
:109570004C000B9009F154000A9040F245108345CD
:109580003FF4D1AD0B980E961DB10A98012D18BF6E
:10959000089804680998ABF1060723216A221D2365
:1095A00090F87060384602F0CFFA08FA05F84FF2EA
:1095B000E25A18EA060F08BF48F6666A0998007A68
:1095C000854205D145F24E30009043F68B2004E0F1
:1095D00043F6CC20009042F6292001903846232102
:1095E0006A221D2301F0EEFFF7F7FFFE0FF6A42716
:1095F000CDE90001BBF1710F0FF6A02008BF0746AF
:109600002FAC40213A46F7F77CFE0FF69C200D95D3
:1096100050F825500920294602F05AF906460B2039
:10962000214602F055F90446099890F8740018EAAA
:10963000000F19D00E980068F7F7E2F9C146D84636
:10964000D3460DF13C0ACDE9000118213A465046B7
:1096500002F0E0FC51460A20DA46C346C84602F052
:1096600037F9A042C8BF04463019022100950125F0
:1096700009224CF69A63C0F16400019590FBF1F465
:1096800036210BEB0400063802F076FADDF8249060
:1096900030190BEB000499F8740018EA000F1DD084
:1096A00000202FAD3D210922534601902046009510
:1096B00002F062FA0E9E3068F7F7A2F9CDE90001D8
:1096C000284640213A4602F0A5FC01202F210A221B
:1096D00043F65D530095F7F7D7FE09E02FA8362132
:1096E0000B225346CDE90005204602F045FA0E9EB6
:1096F0000D9D4FF0010804360BF16A0B01353CE774
:10970000901E5FFA80FABAF1090F80F0B28340F23E
:10971000E51020FA0AF0C00701F0CF80DFF89409C5
:109720004FF00409BAF1000F4FF0800B4FF06F08B3
:1097300050F82A000E9008BF4FF00309BAF1050F48
:1097400008BF4FF00309099E0027BC24B94500F06B
:109750009087BAF1050F5D4608BF4546BAF1000F84
:1097600030D0DFF8F008007A80B96E1E91202D22EB
:109770002123314602F0E8F941F205103146099EF5
:109780002D2221230090912001F04CFF0120D6F8DA
:109790004012DFF82429B8400840DFF8201918BF2C
:1097A000012018BF1146CDE900102B221D23922065
:1097B0002946F8F781FC283408F14F080BF1360BE5
:1097C0000137C3E7A4F10F051820142214232946FA
:1097D00002F0BAF941F20510294614221423009030
:1097E000182001F01FFF48F66660A4F10E01112257
:1097F00011230090192002F093F8012000FA07F5D8
:10980000D6F840022842D6D048F66660E11F2222F0
:10981000234600901B2001F09BFFD6F8400228420F
:10982000C9D048F66660A4F10C03214628220090B6
:10983000222001F08DFFBEE7DFF8188898F80800B5
:10984000002841F09F800025484689F80550FFF721
:109850005FFC0320DFF8686847F6EF3789F80500FA
:10986000B8F91C20B8F81800B8F916C053008542A2
:1098700000F0068305EB0C04233C6408C42C0AD8D2
:109880000024944207DA36F8141007EA510126F84A
:1098900014100134F5E71E440135E8E70AD7233CEC
:1098A000DFF8B057B3486E214FF48C724FF49C73BD
:1098B000C5F81E00B048C5F8220041F20510F7F7C0
:1098C000DBFDDFF8F897DFF8F0A7099E0027722488
:1098D0004FF00A084EF69E70082F00F07F8202902B
:1098E0000B202146DD221D2301900FF2D87050F885
:1098F000270000901520FEF7B1FA012048F66661B6
:109900004AF6D75200FA07FBD6F8400210EA0B00DD
:1099100008BF11460028504608BF4846CDE9000858
:109920000291214634221D23F720FEF797FA914831
:109930002146C5F81E009048C5F82200D6F840021E
:1099400010EA0B0F48F6666008BF43F2292000902A
:1099500034221D23F72001F0E3FF21340137B9E75A
:10996000DFF8F046207A002841F00C808348844DCF
:109970006C214FF49F7240F24113C4F8220041F26F
:109980000510C4F81E500090012001F04BFE7D48E8
:1099900043F229214FF496724FF4C073C4F81E505D
:1099A000C4F822000420CDE900010A20282102F099
:1099B0005DF84FF0000B0FF22C707A2109224AF665
:1099C000D753CDE9000B152002F0D6F8DFF8404759
:1099D00009F286294FF02F0A2FAD0026052E00F040
:1099E000A4824FF000084F46B8F1100F0AD017F8C4
:1099F000013B05EB08000321224602F00BFB08F1B6
:109A00000208F1E7DFF80C0706FB0AF70A224EF618
:109A10009E73CDF804B007F1990150F8260000902C
:109A2000152002F0A9F843F2292007F18401B92298
:109A3000222300906E2001F073FF07F19A01742039
:109A40000A224EF69E73CDE9005B02F095F809F10B
:109A500008090136C2E799F8CE0209F52D720028EF
:109A60004EF69E7018BF00F54B700D211E2380B27C
:109A7000CDE900216D2140F2151202901520CDE3B1
:109A8000DFF8948609F5117600272FAC4FF00B090B
:109A9000BA25042F00F0CD8101CEF6F7B1FFF7F71C
:109AA00082FC4EF69E7027F00101CDE9004902903C
:109AB000F80701EB57014FF0C60005EB411108BF55
:109AC0003F205B221C23FEF7C9F90137E1E70020A4
:109AD000DFF8988514257C21632227238DF83E002A
:109AE000B9F8B402ADF83C0099F8CF0200284EF660
:109AF0009E7004BF48F66660CFF6FF700FAE80B26E
:109B0000CDE9006502903520C047B9F8B7021E497B
:109B10004EF69E74ADF83C0099F8CF02002808BFBD
:109B2000214688B2CDE900650290A8207C216322FD
:109B30002723C04799F8CE1204F54B70DFF8DC25D7
:109B4000002904BF4AF6D750CFF6FF7080B2002933
:109B500002904FF00A000190DFF8C40508BF0246EA
:109B6000009262211223152040F21312C04700F028
:109B7000A4BE00BF14002C016E00A6016C00AD0154
:109B800001003F012300AD01668EFFFFDFF8C454E2
:109B9000287A002840F0F68699F80070B9F98C14FC
:109BA00047AA43AB3846FBF789FD0446F248DFF885
:109BB000748528214FF4947240F28D13C5F8220069
:109BC000EE48C5F81E0041F2051000900C20C04779
:109BD000B9F98C0400942FACDFF84C254021431CCC
:109BE000F7F70BFD0120DFF844653821F7F796FC05
:109BF000CDE900401720B04748F6666041210622B3
:109C0000062300901720C047DFF8240500254821CF
:109C10000A2248F66663019500902120B0474FF272
:109C2000E2504121F7F7FDFCDFF8080548210A2240
:109C30004FF2E253019500906A20B0474EF69E70B5
:109C40004F210622062300F54B7084B217200094A2
:109C5000C047DFF8E40456210A222346019500900C
:109C60002120B04743F65D504F21F7F7DAFCDFF8CB
:109C7000CC0456210A2243F65D53019500906A20D8
:109C8000B047032F88BF00270D97DDF80C91DDF852
:109C90001C816120DFF8A87408900FADCDF81890F2
:109CA000C84580F06F810C26C246CA4509D20D987E
:109CB0005146FBF765FD387818B10F360AF1010AF5
:109CC000F3E7A6F105090796089E14204FF48C725D
:109CD0004B46314601F038FF40F6A30031464FF4C1
:109CE0008C724B46F7F7C8FB43F2292031464FF4FC
:109CF0008C724B46F7F7C4FB06F10E004446CDF8D4
:109D00003080CDF828A00B9054455BD20D982146A9
:109D1000FBF736FDB4EB08004EF69E734FF00A02D7
:109D2000B0FA80F1C0EB00104FEA5111CDE900719B
:109D300018BF4CF69A6308BF0B220B990E181B2014
:109D4000314601F019FF0E94444506D10E9CDDF812
:109D50003080DDF828A00134D6E74FF00009B9F1D2
:109D6000090FF3D0DFF8DC0350F829B03846594624
:109D7000F6F7D8F918B3A0EB07082846394642464B
:109D8000F6F7B6FC4FF0000A0A20294605F808A0AD
:109D900001F09EFDB9F1080F43F65D5348F6666188
:109DA000CDE900BA08BF0B46B9F1070F4FF2E251F7
:109DB00008BF0B461B3031460A2201F0DDFE09F1D7
:109DC0000109CCE7DDF81890CA4538BF0AF1010A4D
:109DD000DDE90710D0460844089061E70290DA48B0
:109DE0000A24F7F70BFB019400901520FEF736F8D4
:109DF000D64848F66666F7F701FBCDE901460090C4
:109E0000A320FEF72BF8D248F7F7F8FAC5F81E00A2
:109E1000D048C5F822004AF6D7500090152001F02E
:109E20007FFDA320F7F7EAFA009601F079FD00F034
:109E300044BD0025932448F666684FF00A09C6A67B
:109E4000C8A7022D00F0398509982146D0F84002B4
:109E5000E840C007384608BF3046CDE90009522225
:109E60001C23CDF80880CF20FDF7F8FF60340135C2
:109E7000E7E7002A40F0218509980078FFF720BA2B
:109E8000BB48042496214FF494729C23C8F81E000A
:109E9000B848C8F8220041F20510CDE900400C2076
:109EA00001F00EFC4AF6D75096214FF494729C2391
:109EB000CDE900400C2001F0D9FDAF480125B121CA
:109EC0000D224EF69E7301950090192001F054FE6C
:109ED00009980021D0F8F0412046F6F71FFD002830
:109EE00040F0EE83C024A5A60327B4F5967F00F0CA
:109EF000E48448F66660B4F5847F21464FF48B72A3
:109F000008BF43F22920CDE900701F23142001F07F
:109F1000ADFD01CE04F11501F7F740FBCDE90005D9
:109F20002F2001F029FE2434DFE743F2292040F2FC
:109F3000811188222123F7F7A3FA48F6666040F2E0
:109F40008111882221230090A22001F0E9FC8E4893
:109F5000002440F297110A224EF69E73019400905D
:109F6000362001F009FE794840F2971101940090E3
:109F7000BD2000F059BC00BF2800B5010C00340121
:109F80007800002081483349DFF80482032548F631
:109F900066643E22202300950194C1F81E007D488E
:109FA000C1F8220010204FF4C971C04701267AA0E1
:109FB0005E4FF7F76DFA2A20B847F2204FF4C971C7
:109FC0003E222023CDE90054C04774A0F7F760FA81
:109FD0004FF48570B8475B204FF4C9718A22202363
:109FE000CDE90054C047002040F2A7110B2248F6EB
:109FF00066630190644800907F20B84700F05DBC24
:10A000001448017A002940F0BD84654940F23112BC
:10A010002323C0F81E106349F7F7D0FA40F22B1142
:10A020000090072001F0FEFADFF8546CDFF8547C52
:10A03000002443F22925062C00F0838356F82400DF
:10A0400057F8242040F22B112323009501F068FCDF
:10A050000134F0E77800002007D70008D4E00008BA
:10A060007AE2000828E100083F0000005D7E000859
:10A070002CE90008D7DA0008C5B9000891D6000815
:10A080006DDC0008BEE60008F6D6000865DF0008B3
:10A09000DEDA0008252E306620252500252E3166C3
:10A0A00020D093D18600000046D7000854D700087E
:10A0B0004DD70008BCC9000835E100083CE10008A4
:10A0C000B82700200AE6000888DC000840E4000801
:10A0D000BFDD000821E4000872DC0008F5E3000899
:10A0E000A2DD0008524F4D3A203820D0B1D0B0D078
:10A0F000B9D1822C203136204845582DD181D0B895
:10A10000D0BCD0B2D0BED0BBD0BED0B20000000018
:10A11000AED80008E8D5000866D90008E0DD0008E0
:10A12000A3D6000825B6000883DB000879BB000829
:10A13000B4E40008DCE500082BDD00086DDD000854
:10A14000041A0020FCD5000808DF0008D0E200084F
:10A1500014002C016E00A601D0A0D0A3D0A7D09DE2
:10A1600000000000D090D092D0A2D09E000000004D
:10A1700001003F012300AD01BBDE000805DC000843
:10A18000EDE1000808DF000827E3000810003001B7
:10A190006DBA00089201B2013C0000003E000000D0
:10A1A000070038012B014E01DFF8988D099F98F8C0
:10A1B00008003E79002840F0B684E94CE94DF7F7F5
:10A1C000F6F900906E20C8F81E40C8F8225001F041
:10A1D00029FA0C2E05D240F63360F040C00740F05B
:10A1E0004984DFF8A80DDFF8A01D032E08BF08463C
:10A1F00000F044BC09980FF670524021B0F83E318F
:10A200002FACF7F7FAF948F666600A2128221823DE
:10A21000CDE9004102908C204FF4C771FDF71EFE7E
:10A220004BE30CBBD6F82C020F280CD0CE48DFF83D
:10A23000141D8A228423C1F81E00CC48F7F730F998
:10A240000E2001F0EFF9D6F830020F280CD0C848E4
:10A25000DFF8F01C89228423C1F81E00C348F7F7F9
:10A260001FF9A92001F0DEF906F5B8704FF0840956
:10A270004FF000080890B8F1040F00F0C781DFF834
:10A28000980D0999002200254FF0000B50F8286026
:10A29000DFF8880D50F82870D1E98B01042A0BD023
:10A2A00021FA02F303F001039B4420FA02F3013286
:10A2B00003F001031D44F1E70F2840F09C800F29B3
:10A2C00040F0AC80DFF87C2C127A002A3ED1DFF817
:10A2D000742CA84BC2F81E30A74BC2F822300122C2
:10A2E00002FA08F4204219D0002180F00F004AF64B
:10A2F000D7530191DFF8281D51F82810009188F0FC
:10A3000003010843A7F1020108BF4FF4D1710F20E8
:10A31000092201F031FC0998D0F83012DFF8240C42
:10A32000964A2142C0F81E20934AC0F822200DD040
:10A330000020B11E09224AF6D7530190DFF8E40C41
:10A3400050F828000090AA2001F016FCDFF86CAC51
:10A35000B8F1000F0CD0DFF864ACB8F1030F07D0F0
:10A36000DFF84CACB8F1010FDFF8540C08BF82469F
:10A37000DFF8D00B007A002840F04581012000FA78
:10A3800008F109980E91D0F82C02084200F0A48040
:10A3900043A9032D4FF0150480F00F004FF0890200
:10A3A00051F828100B9188F0030138BF262423466A
:10A3B00008430C91394608BF11234FF00F0008BF26
:10A3C000402008BF572201F0DBFA002800F084800B
:10A3D0000998404490F87402A0B30D98B8F1010FA9
:10A3E00033D0B8F1020F2FD10B986549F6F70AFA6E
:10A3F000DFF834AC39E0002D2A464FF4987708BFD7
:10A400000122002398453FF45AAF20FA03F4E407F1
:10A410001CBFB9FBF2F427440133F3E7BBF1000F93
:10A420005A464FF4987608BF0122002398453FF41E
:10A4300049AF21FA03F4E4071CBFB9FBF2F4264448
:10A440000133F3E70B9810E00898006800210A90A8
:10A45000F6F772FA8246DDE90A10F6F705FABAF164
:10A46000000F08BF5046DFF8ACABF6F7C9FA8DE82D
:10A4700003040DF13C0ADFF82C2B3021504601F08B
:10A48000C9FD09980E99DFF84C2BD0F82C02084230
:10A4900008BF9246102280F00F003946032D38BFC6
:10A4A00018220C9B184308BF0922CDE900A248F6E8
:10A4B00066604FF0890202904FF00F0008BF402005
:10A4C00004BF57220F24234601F0D8FCDFF8740A9A
:10A4D000007A002840F0978009980E99D0F8300251
:10A4E000084200F09080BBF1030F4FF01504314695
:10A4F00038BF2624AA208722234601F041FA0028EB
:10A5000000F08180DFF8087BDFF8000BB8F1020F64
:10A5100038BF07463FA850F828500998404490F8A3
:10A52000780248B1B8F1010F08D816492846F6F765
:10A5300069F9DFF8807A10E0AA462EE0B8F1020F40
:10A5400024D109981049D0F88800F6F75BF9014644
:10A550002846F6F757F9DFF8B47A82462EE000BFB6
:10A560006E003B014100AD010E0098002401A801DE
:10A57000A90032010A009B002101AC01A4003601B0
:10A5800000007A44000070420AD7233CA9492846BB
:10A59000F6F738F9DFF87C7A8246B8F1030F0DD16F
:10A5A00028460021F6F7BAF940B90FADDFF87C2A4A
:10A5B00030213B46284601F02DFD0BE05046F6F7D2
:10A5C0001FFA8DE883000FADDFF8D8293021284627
:10A5D00001F020FD09981021BBF1030F2346D0F8AC
:10A5E000300238BF18210E9A1042DFF8E82943F6EE
:10A5F0005D5008BF1546CDE9005131460290AA20B2
:10A60000872201F03BFC08F1010834E6DFF8340949
:10A61000007A002840F051818C204FF489710E227D
:10A620000C2301F0ADF9002800F0B4818248DFF876
:10A630001419DFF8FC6901240025C1F81E007F48C9
:10A64000C1F822000A2D00F0A08148F6666004F1EE
:10A650008D020090705700F58C71701990F901000F
:10A6600000F58C7304F18C0001F0D0F80135013451
:10A67000E8E7BAF1050F31D10998DFF8D48800274F
:10A680002FAC4FF00A0B4F2500F51576062F25D07D
:10A6900001CEF6F7B5F9F6F786FE4EF69E70CDE9D7
:10A6A000004B0290F8074FF0C60008BF372079082A
:10A6B00063221B2369439931FDF7D0FB0137E5E79E
:10A6C00020460021F6F746F9002800F0B980DFF8AF
:10A6D0008C182FA82422F6F70BF8BBE0FA2020FAFA
:10A6E0000AF0C00700F0E9803620DFF85CB9712776
:10A6F000002409FB00F80E98DFF85099050109982D
:10A7000000F51F76A04500F0D88016F8010B4EF634
:10A710009E7102910A21002848460191394608BFDE
:10A720005846BAF1050F4059009018BF04F1820154
:10A73000C32066221B23FDF791FB043536344F37C7
:10A74000E0E700240FF62400F6F77FFE172001F063
:10A7500013FA0FF61C00F6F778FE852001F00CFACC
:10A76000B1264EF69E77F32E1BD0B12E4FF003008C
:10A7700000974FF49C7140F23D1308BF6FF0020048
:10A780008519341A20462A4600F0E2FF284640F296
:10A790003D1122464FF4A173009700F0D9FF2136F6
:10A7A000E1E7099DDFF8D027DFF8C817D5F8803238
:10A7B000D8087C2888BF0A464FF47A7088BFB3FB5C
:10A7C000F0F32FAC2046402101F024FC0920214663
:10A7D00001F07EF84FF0000840F24111092248F6DE
:10A7E0006663CDE900486FF0010490FBF4F053304C
:10A7F00001F0C2F995F88402DFF88477DFF87C670E
:10A800000028394608BF31460A2001F061F890FB64
:10A81000F4F095F88412002908BF3746CDE9007896
:10A8200000F20F104FF4A1710A2248F6666301F09E
:10A83000A3F942E00AD7233C8C009A0012011E01C2
:10A84000F6F7D3FDDFF81027CDE900012FA840214E
:10A8500001F0E0FB00252FA8DFF80467D2210A22CF
:10A860004FF2E253CDE900051420B04743F229200E
:10A87000EA2188222323F6F703FE4EF69E70EA2192
:10A880008822232300F54B7084B2A220009401F0AB
:10A8900047F8DFF8B40640F20111F6F77FFE0195A4
:10A8A00000903720B047DFF8BC0640F201110B22C0
:10A8B000234601950090BF20B047DFF88806099F26
:10A8C000017A00295ED197F8711002295AD1E8491E
:10A8D00005244FF48C727823C0F81E10E549F6F772
:10A8E0006DFEB421CDE90040142000F0E9FE4FF2E6
:10A8F000E250B4214FF48C727823CDE9004014204B
:10A9000001F0B4F8DFF84807DFF854560126CF21EC
:10A91000F6F704FE019600902220A84797F87230BF
:10A920002FACDFF870264021F6F767FE8820E9217A
:10A930000E224FF2E253CDE90046A84743F2292008
:10A94000F921FA2210230090232000F0E9FF97F864
:10A95000720048F666610A230091F421484364219D
:10A96000B0FBF1F22620FC2100F05CFE002040F25A
:10A970001D1109224AF6D7530190DFF8D80600903E
:10A980002B20A8474DB0BDE8F08FDFF8B805007A5E
:10A99000002892D10999C87E91F8711000F040000A
:10A9A00009B9002889D0B449DFF898250028C2F8F1
:10A9B0001E10B249C2F8221044F2A3014FF498725B
:10A9C00008BF43F242110091082018238C2100F0A7
:10A9D00029FE0999C87E400600F1848291F8710031
:10A9E0000121DFF85C264FF2E2530191DFF84C16AB
:10A9F000032808BF0A46DFF84C16022818BF114684
:10AA000000910C209C210A2211E70025AF2441F27D
:10AA1000051648F2E457032D3EF476AC0A20F6F70B
:10AA2000DDFD01F091F848F66660F6F7D7FDCDE957
:10AA300000060A2000F0C6FF0A20F6F7CFFDCDE998
:10AA4000007600F0BFFF0998007A85420FD109987F
:10AA5000D0F82802E840C00709D048F666602146D1
:10AA60004FF496721A2300900A2000F059FF1B340D
:10AA70000135D0E7DFF80C0550F826004FF001094A
:10AA80005221F6F78BFDCDE90009742001F074F82E
:10AA9000F01F099FC0B2012845D8F6F788FDC8F815
:10AAA0001E40C8F8225000906E2000F0BBFDDFF879
:10AAB000E0045A21F6F772FDCDF80490009075205D
:10AAC00001F05AF897F885322FACDFF8C8244021FE
:10AAD000F6F793FDAF20A021122248F66663CDE978
:10AAE000004948F6666401F047F843F22920B52191
:10AAF000BA2210230090762000F012FF97F885020A
:10AB0000B4210A23009448436421B0FBF1F2792078
:10AB1000B82100F087FD082E40F05181DFF878045D
:10AB2000DFF8284453E107F5AA7903250DF13C0B22
:10AB30000DF1BC0A3C460D96382D00F0C880204629
:10AB4000294601F0F7F9002800F0BD80584621465B
:10AB50002A4601F0A3F998F8080060B9BDF8423020
:10AB6000BDF84020BDF83E10BDF83C0000F008FFE5
:10AB7000002800F0A780D9F800402846012101F004
:10AB8000BDF90646F6F731FCDFF818248DE84300DE
:10AB90005046402101F03EFA98F80800002840F0A5
:10ABA0009180CDF83890D146C246D846BDF842B023
:10ABB000BDF84040BDF83E60BDF83C7038463146B7
:10ABC00022465B4600F0C0FF40F6A3003146224615
:10ABD0005B460090384600F025FD43F229205B4695
:10ABE000C346D046CA4631462246DDF8389000902A
:10ABF000384600F095FE2846002101F07FF90090CC
:10AC000000203C1D06F10A0108224AF6D753F6F748
:10AC10003BFC01201936F6F7C1FCCDF800A00190ED
:10AC200007F16400314600F0A7FFA5F111010629E4
:10AC300048D805290ED8DC4FDC48DFE801F00E03C8
:10AC4000031325290998DC49D0F85401F5F7DAFDFA
:10AC5000DA4F1DE0DB48D44F1AE00998D84FD0F8FE
:10AC6000740115E00998D34FD0F87C0110E000BFC3
:10AC700014002C01B4002C01080038018C00A40041
:10AC800038D6000820D600080998C94FD0F86C01C2
:10AC9000D9F80010F5F7B6FDF5F7B2FE8DE88300A0
:10ACA000152DCA4AC84808BF02465046402101F047
:10ACB000B1F900203146092243F65D53CDF800A0DA
:10ACC000F6F7E2FB099C09F10409013534E70D9818
:10ACD0000238C0B2092811D840F29331C140C907E7
:10ACE0000CD00021C82222230191B94951F820003B
:10ACF0004FF4C57100907020F7F7DEF920794AF61D
:10AD0000D75A06283FF6D9ADDFE800F0759F050455
:10AD1000C6040500D1E5099C5E215F221D2394F83D
:10AD20006D02F6F728FC0190AD4800907420F7F70B
:10AD3000C3F994F86D025E215F221D230190A5489E
:10AD40000090D620F7F7B8F994F86D0281490028F1
:10AD50004EF69E7008BF014688B25E214F221D2329
:10AD60000290092001909F480090E420FDF776F8BA
:10AD700098F8080000287FF405AE9B489C4DC8F861
:10AD800022009A48C8F81E0094F86D024EF69E7490
:10AD9000002818BF48F666640094D9207121DE228D
:10ADA0006723A847DE206721E32271230094A84788
:10ADB000D9207121E32271230094A8477DE597F8FB
:10ADC0008512614C7648754A002908BF1046002557
:10ADD000E1210A224AF6D753CDE90005762000F09A
:10ADE000CBFE712040F21311C8221F23CDE900458C
:10ADF000F7F762F9C6E54EF69E70E521C1221D23E4
:10AE0000742402900B2001907D48F6F731FB0A2054
:10AE10009D21C1221A23CDF808A001907948F6F7A8
:10AE200027FB794E0025032D3FF447AD099956F8CD
:10AE300025003D221D234978F6F77AFB2046B821EC
:10AE4000F7F73AF941340135EDE7DFF8A8816A4EAA
:10AE50006A4F002577244FF00709032D3FF42DADED
:10AE6000099958F825003F221D2391F86C12F6F736
:10AE70005FFBE01E5E21F7F71FF93846022D08BF81
:10AE800030468DE80106722139220A232046FCF75C
:10AE9000E5FF41340135E0E700205E21C8221D2393
:10AEA00001904C4800907020F7F706F909205E21C8
:10AEB00064221D23CDF808A001904748F6F7D8FA80
:10AEC00009984EF69E7158221D2390F86E02029149
:10AED0000A210191414951F820005E210090DC20B7
:10AEE000FFF79CB94EF69E7003258C214FF49872A3
:10AEF000182300F54B7084B20820CDE9005400F00F
:10AF0000B5FD09208D214FF497721623CDE9005429
:10AF100000F0ACFD474801259F21102223460195F2
:10AF200000900E2000F028FE40F213109E210E2209
:10AF30002346CDE90150404800901D2000F049FE15
:10AF4000BBE400BF7800002008DF0008D0E2000862
:10AF500066D90008668EFFFFB0D70008D8E6000863
:10AF600079BB0008E3E20008257500002D00000011
:10AF70002B00000078E6000886E600081FE10008C4
:10AF8000AEE1000864C900088FE200085BDE00083B
:10AF900072E000088DD60008CAE60008CDE300087C
:10AFA00015E50008DEDA0008ECD700080000A04232
:10AFB00032DC0008BEE60008F304B53F40E00008BC
:10AFC00065DF00080000C842CFDA0008C7DA0008D1
:10AFD00094C90008D6E60008F4E20008DCD50008B1
:10AFE0004ADE000808E100085F007A00D800E400AB
:10AFF00051B70008D0D500087AE3000845E1000801
:10B000002DD7000836E30008C4D500086DDC000821
:10B0100091D60008F6D600086CCF00085CCF000877
:10B02000F8D40008E8D4000834DC0008E4DA0008AA
:10B0300008D5000850D600084CE1000892D9000855
:10B04000A9DC00080CE2000894D5000864D50008CB
:10B050009BDE00085CE40008F6F7C2FB1422F6F75A
:10B06000CBB800002DE9F04F87B0E2498346086D68
:10B07000ABEB00000A28C0F0DF80DFF8949F724C31
:10B08000724B0E460522C9F814B0C1F850B02068C2
:10B09000D0F800A019680191016821F04001016019
:10B0A000016862F3C5010160016841F0400101607F
:10B0B0004FF080409860D12000F0ECF900250DF1B0
:10B0C0001207052D06D0D12000F0E4F927F815006D
:10B0D0000135F6E7912000F0DDF94FF0000802ADF0
:10B0E000B8F1050F07D0912000F0D4F925F8180029
:10B0F00008F10108F4E7902000F0CCF953494FF42F
:10B100008040B44688602068016821F040010160F9
:10B11000C0F800A001200221052818D00A469AB1E3
:10B12000BB18BE5A33F8024CA6423CBF23F8026C4F
:10B130001C80AB18AE5A33F8024CA6423CBF23F831
:10B14000026C1C80023AEAE702310130E4E7BDF804
:10B150001400BDF818100A1ABDF80C10BDF816003E
:10B16000502A0FD8BDF80A20BDF80E309A1A502A7E
:10B1700008D838B140F6FF72904203D0914201D016
:10B1800000295BD1002289F85120304A304C1268E6
:10B19000C2F3802289F8502040F23F12A9F84800FB
:10B1A000A9F84A1001FB02F34FF638110022591A90
:10B1B00091FBF4F527498B424FF0000138BF05F2AF
:10B1C0003F114EF6C525AB42234B40F2DF1538BF89
:10B1D00040F23F11A9F84C1000FB053393FBF4F348
:10B1E00000FB05F41D4884424FF0000038BF03F215
:10B1F000DF101B4B9C4238BF40F2DF10A9F84E0015
:10B20000D9F844300133C9F8443099F85130DCE9B9
:10B2100012452C1B072C0FD8124F05F007040135DF
:10B220002601CCF84C5007EB0414BA556273237313
:10B2300060812181C4F804B0F6F774B9019B012242
:10B2400022EA93229FE700BF841A0020080C0140E5
:10B250008CF1FFFF380A1300C889FEFFB88F1C006D
:10B26000C5670100382700200022202A08BF704748
:10B2700021FA02F3083200F8013BF6E7F0B5E84D99
:10B28000B5F91A30834223DCB5F91C40E618864232
:10B290001EDDB5F916608E421ADC2F8B37448F42C3
:10B2A00016DDB5F91E70874212DCB5F920708742B1
:10B2B0000EDDB5F922708F420ADCB5F924508D42BB
:10B2C00006DDC01A891B01FB04001E4921F810206D
:10B2D000F0BD00BFF8B5F84EB6F91A4084422FDC35
:10B2E000B6F91C502F1987422ADDB6F916C08C45D5
:10B2F00026DC378B67448F4222DDB6F91E70874209
:10B300001EDCB6F9207087421ADDB6F922708F4232
:10B3100016DCB6F924608E4212DD012B10DB001B17
:10B32000A1EB0C0101FB0504E44D03F108010B093D
:10B33000114635F814001A46FDF7E0FE25F8140012
:10B34000F8BD00BFB827002070B5044600250026D0
:10B350002068411C2160FAF7C2FD00F07F0140B275
:10B36000A940073589B20E430028F1D4B0B270BDB0
:10B3700010B50C46F5F7F0FE20B91F48816E214448
:10B38000816610BD01481C49F5F7E0FF640100200B
:10B390002DE9F84FED4E184CF06A00900020D4F8DB
:10B3A0003C80676AD4F828B0D4F83090D4F834A040
:10B3B0006062A0622063606310484569F06AF7F735
:10B3C000D9F8E06B404508D16762C4F828B0C4F8EA
:10B3D0003090C4F834A0BDE8F88FF06A0099401AA4
:10B3E000206206484069401BE062A06B0130A06308
:10B3F000BDE8F88F7800002000000020F400002055
:10B40000884204BF00207047024601204AB141B182
:10B4100080B51046F4F7A9FE002818BF0120BDE84A
:10B42000804070472DE9FE4F0446C8481F46164627
:10B430000D46007A01280CD10220F21C97FBF0F097
:10B440004119381A831CE01E03B0BDE8F04F00F02C
:10B4500023BCDDE90E0BDDF840A0294632463B4611
:10B4600002902046DDE90C8900F08AFA80B120467E
:10B47000294632463B4600F067FB00200AEB0501F7
:10B480004A46CDE900800BEB0400029B00F074FB00
:10B49000BDE8FE8FE0B500218DF805000DF1050037
:10B4A00003221423ADF806100DF10201F5F77AFD21
:10B4B00048B99DF803009DF80410400140EAD1000E
:10B4C0006FF31F308CBDF5F7E5FA80B5C822F5F7AC
:10B4D000C5FC00B980BDF5F7DDFA00002DE9F04F9D
:10B4E00085B0012ACDE90213049069DB9749DDF8A4
:10B4F00008E010460E9D02FB02FAB1F91630B1F9D0
:10B500001A60B1F91C70B1F91EC0A3EB0E040B8BCD
:10B5100023449342D8BF581EB1F92430A3EB0E0345
:10B520009842A8BF581E01900498331A16461F442B
:10B530009742D8BF7E1EB1F920703F1AACEB0000D5
:10B54000BE42A8BF7E1EB1F922105742BC42A1EBF9
:10B550000E01D8BF3C468C42D8BF0C46BB42C8BF88
:10B560001F468742D8BF07460097501E00FB00F8D1
:10B570000198844224DC0298DDF800B004FB04F951
:10B580002718B3451ADC0BFB0B904DB9504507D17A
:10B59000B4FA84F1BBFA8BF24909520911430AD17A
:10B5A000504508D80DB9404505D30498039A39464B
:10B5B0005844FFF763FE0BF1010BE2E70134D7E7D4
:10B5C000F5F7B3BF2DE9F84F012AA8BF012B01DA27
:10B5D000BDE8F88F9346FA4A82465818DDE90A9882
:10B5E000B2F91660128B9519A842B8BF05465F1EC6
:10B5F00008BF1F468E42D8BF0E464C42AE42E7DA25
:10B60000A219484641463B46FDF7D0FC0090504603
:10B6100031465A46012300F005F80136EEE700BF37
:10B62000780000202DE9F041012AA8BF012B01DAA2
:10B63000BDE8F081E24D0B44069CB5F916802E8BD7
:10B64000B5F91A70B5F91CE0B5F91EC04644B3420D
:10B65000B8BF1E46B5F924309E42A8BF1E46131837
:10B66000B5F920209342B8BF1A460EEB07039A4261
:10B67000A8BF1A468845C8BF4146B5F9223099424D
:10B68000D8BF19468445C8BF6046DFF8DCC3B8425E
:10B69000D8BF3846C71BB142CADAA1EB080303FB87
:10B6A0000E730CEB43050346934203DA25F8024B75
:10B6B0000133F9E70131EEE778000020B8270020D8
:10B6C0002DE9FE4F012A02913DDB1C46012B3ADB9E
:10B6D0008246DDE90C09E349154620EAE078B8EB3B
:10B6E000520F28BF4FEA5208B8EB540F28BF4FEA59
:10B6F0005408029AB1F916B0098BA018594488422F
:10B70000B8BF014601919345D8BF93460198834540
:10B7100019DA02980026ABEB0007B54210D030468C
:10B7200039462A462346CDF80080FCF7B7FA28B1FF
:10B730000AEB060059464A46FFF7A0FD0136ECE742
:10B740000BF1010BE2E7BDE8FE8F00BF780000209F
:10B750002DE9F04F85B00E9F0C46054699420493A3
:10B760000BD1954210460097B8BF2846C8BF2A465D
:10B77000111A01234A1C21460DE095420FD104986D
:10B78000009701468442B8BF2146C8BF2046012227
:10B79000401A431C2846FFF745FFF5F7C6BEB5EB38
:10B7A000020B4FF0FF38B8BFA2EB050B0498061B45
:10B7B000C8BF261A4FF0FF3006EB0B09C8BF0120A7
:10B7C00003900292AA42C8BF4FF0010810462846D3
:10B7D00021463A46BA46FFF751FD0498844202D109
:10B7E00002988542D9D0B6EB490F48465746D8BF94
:10B7F0003044BBEB490FA8BF58440399A8BF0C4481
:10B80000B6EB490FD8BF45448146E0E72DE9FC4738
:10B8100016465A1A1D46DDF82880144648BF544281
:10B82000331A1F4648BF5F4243B13AB1A7420DD217
:10B83000A94211DD4A1B831B894610E032462B4684
:10B84000CDF80080FFF784FFBDE8FC87B04220DD23
:10B850004A1B831B81461FE0A9460D460646180277
:10B8600037024FF0010A90FBF2F44D452EDCFEB298
:10B8700038122946424686F0FF03FFF72BFD0AEBFC
:10B880002720294642463346FFF724FD2744013549
:10B89000EBE7B1460D46064610022F024FF0010AB3
:10B8A00090FBF3F44E4511DCFDB2391230464246AE
:10B8B00085F0FF03FFF70EFD0AEB272130464246D5
:10B8C0002B46FFF707FD27440136EBE7BDE8FC8771
:10B8D0002DE9FC4105460846F6F79CFC044628463F
:10B8E00000210026F9F77CFEB4F5C07F0196A8BFC1
:10B8F0004FF4C07405460DF104080027A6420CDA87
:10B900002046414600F0DEF901462846F9F786FE5A
:10B9100008B1C0790744019EF0E73846BDE8FC81D4
:10B920002DE9F843012A27DB1F46012B24DB0546BE
:10B930001044DDF82080DFF844900B460C46461E8C
:10B9400028463246CDF80080C847E0193246CDF887
:10B950000080471E284639463B46C84728462146B0
:10B960002A463B46CDF80080C8473046214632463D
:10B970003B46CDF80080C847BDE8F88351B70008C2
:10B98000F0B504460020012AA8BF012B00DAF0BD63
:10B99000CA4DB5F91A60B5F91C0087190020A742F5
:10B9A000F5DD2244B242F2DDB5F91620288B841869
:10B9B00000208C42EBDD19449142C8BF0120F0BD4C
:10B9C000780000202DE9F043DFF840960B448046D4
:10B9D0000244B9F91640B9F81870B9F91A60B9F902
:10B9E0001CC0B9F91E5007EB040E7345B8BF9E4644
:10B9F000B9F924309E45A8BF9E468642C8BFB046CE
:10BA00000CEB0600A845D8BFA8468C42C8BF21460B
:10BA1000B9F922309942D8BF19460B1B124C03FBCF
:10BA20000C834FEA4C0C9B1BDDE907768242B8BFC2
:10BA30001046B9F9202004EB43039042A8BF1046FA
:10BA40007145A8BFBDE8F0831D464446844206DA2E
:10BA50002A88BA4208BF2E8002350134F6E76344D3
:10BA60000131EDE778000020B82700202DE9F04FE4
:10BA700089B0022A0391079002DB1C46022B02DAEE
:10BA800009B0BDE8F08F129800211546A5F1010814
:10BA90000028C8BF411EF0480691039EB0F9161059
:10BAA000B0F92430B0F92220008B891B9B1B08447D
:10BAB000A042A8BF20469842A8BF18460290901BFB
:10BAC0008142C8BF084620EAE076A01E671E0590A6
:10BAD000A81E049002988642D2DA0398A6F10109C2
:10BAE0004FF0000A3044089055452BD0129831464B
:10BAF0002A46234600905046FCF7D0F883460020A3
:10BB0000BAF1000F18BF002E0FD0C2450DDABE42A9
:10BB10000BDA0698DDE9042349460090AAF10100FA
:10BB2000FCF7BCF8002818BF0120BBF1000F06D0BD
:10BB300028B907980899139A5044FFF79FFB0AF118
:10BB4000010AD1E70136C5E7B0B5C34D21EAE1747A
:10BB50001944B1F5F07F6C8420EAE0741044EC8362
:10BB6000A8BF4FF4F071A984B0F5A07FA8BF4FF42F
:10BB7000A0702884B0BD00BF2DE9FC4706460A9896
:10BB8000984614468946F6F745FB0B99074620462A
:10BB9000F9F726FD044600200DF1040A0190B7F5DF
:10BBA000C07FA8BF4FF4C077B842A8BFBDE8FC87EC
:10BBB0003846514600F086F8F5F74FFC38B131466B
:10BBC0004A4643460546F9F7F7FAE87906440198EC
:10BBD000EAE72DE9F04F85B0CDE901010E98039316
:10BBE0001446F6F717FB0F9907462046F9F7F8FCBD
:10BBF000044600204FF0000BB7F5C07F0490A8BFAB
:10BC00004FF4C07704AD0026B8420BDA3846294617
:10BC100000F058F8F5F721FC10B1C07901368344E3
:10BC20000498F1E70020002100224FEA5B094FF061
:10BC3000000ABBF1000F0490C8BF0121012EC8BF4C
:10BC400001221140109A002A4FF00002C8BF0122C1
:10BC500002EA010804ADB8421BDA3846294600F072
:10BC600031F8F5F7FAFB90B10646B8F1000F5046EF
:10BC700004D010980AFB009090FBFBF00199DDE9DD
:10BC8000022301443046F9F797FAF0798244049888
:10BC9000E1E7F5F74ABC000070B5DC4C256E1F2DBE
:10BCA0000BD8074E0B4426F8350006EBC5061044AA
:10BCB000B080681CF3807180206670BD7800002021
:10BCC0003826002070B50C68174B0246651C0D60C5
:10BCD0001E57F0B2B6F1FF3F00DD70BD00F0E00688
:10BCE000C02E0AD1954208DAA21C0A60595D01F003
:10BCF0003F0160F38A11084670BD00F0F006E02EA7
:10BD000010D1A61C96420DDA5A5D000303340C6074
:10BD100080B202F03F0140EA8110995D01F03F01DD
:10BD2000084470BD3F2070BDB83B002010B50168CD
:10BD3000A84A91420BD1C1894AF25A52914206D186
:10BD40008489F6F737FA201AF5F715FC10BD0020A4
:10BD500010BD00BF2DE9FF47DFF87C82DFF8ACA201
:10BD6000002504464FF4A061C8F81C00CAF86C50C6
:10BD7000C6683A48F4F7E3FC39483A494FF0FF32D5
:10BD80000023CAF86850CAE91C65C8F81450202B73
:10BD900005D040F8235041F823200133F7E7A26A89
:10BDA000042000210024904768464FF010411022E3
:10BDB000FAF73EF8DAF86800C0BB2B4800998142D8
:10BDC0002ED19DF8040001282AD10298274FB842AD
:10BDD00028D103982649884224D1264D10244FF0BB
:10BDE000FF364FF06409BC4224D0A00408D104FB04
:10BDF00009F0B0FBF7F1D8F81C00826A04209047E4
:10BE00002046F6F79DF84640082038B185EA5601ED
:10BE1000F20708BF710801380E46F6E70134E2E781
:10BE2000022000E00320CAF868000024204604B085
:10BE3000BDE8F087DAF868000028F6D10E4886429F
:10BE400007D1D8F81C006421826A0420904701249D
:10BE5000ECE70420E7E700BF78000020241300206F
:10BE6000BC010020B825002050434831AD4F1200DE
:10BE7000E698936E2083B8ED19676C9110B586B083
:10BE80009C1E0494002403940A9C0294099C01942F
:10BE9000089C0094FFF7C6FA06B010BD2DE9F041EA
:10BEA00016460D46804600240327B74208D228468E
:10BEB000394600F03FF8002818BF01340137F4E795
:10BEC0002979062906D80120884010F0460F01D0B4
:10BED0007F2003E06020042908BF7F200649C8F8BE
:10BEE00004107021A8F80010C4EB041100EB41000D
:10BEF000A8F80200BDE8F081C8001C0010B50A4B8C
:10BF000001EB410203EB4214084A094B02EB4002E9
:10BF100003EBC00050F82100525C00F110412046B4
:10BF2000F9F786FF204610BD383D0020FCE60008EA
:10BF30006CE70008052904BF002070470079062837
:10BF400005D109390020082938BF01207047064A69
:10BF500001EB410102EBC101897D081A7146F5F739
:10BF60000AFB8E46704700BF2CE90008F0B589B087
:10BF7000044617480025CDE9061508901548059098
:10BF800005AE3046F6F716F9134FADF820002046FF
:10BF900031460E22BB6D9847B8B1BB6D06F10E015C
:10BFA00004F10E000222984770B17B6D01A9204672
:10BFB0001022984740B105A801A91022F4F7E3F830
:10BFC000B0FA80F0450900E00025284609B0F0BD30
:10BFD00000005AA54A4E4C31F40000207CB50B4CB1
:10BFE000E56A079E0196069E0096F5F7E7FE08496A
:10BFF000E06A4A6A401B10444862C86B0130C8635B
:10C00000E06ABDE87C40FFF72DB800BF7800002053
:10C01000000000200FB47CB50C0009AD01D0611EFA
:10C0200000E00021CDE90001064B6A462946089848
:10C0300000F0DCF8002C02D0009A002111707CBCCA
:10C040005DF814FB1BC9000802E008C8121F08C1F4
:10C05000002AFAD170477047002001E001C1121F89
:10C06000002AFBD1704700002DE9FF5F82B000215C
:10C07000DDE90430020DDDF840B0034318D044F68A
:10C080001050A2F2FF3242431514119801281FD01C
:10C09000A5EB0B00401C5FEA000A4FF000064E4F74
:10C0A000DFF83891B046504615D5CAF1000413E0C8
:10C0B000119801244AA3012801D16FEA0B010298CB
:10C0C000119AC0E90031C0E9024206B0BDE8F09F14
:10C0D000CBF10000DFE704460021404A491842EB5B
:10C0E0000450CDE9001012E0E00707D032463B468D
:10C0F00040464946F4F74BF98046894632463B466E
:10C1000010461946F4F743F906460F466410002C12
:10C11000EAD1DDE90401DDE90023BAF1000F06DA16
:10C12000F4F735F942464B46F4F731F905E0F4F7F8
:10C13000A0F942464B46F4F79CF904460E4600220D
:10C14000284BF4F71DFA03D84FF0FF30014607E003
:10C150000022254B20463146F4F772F8F4F7F8F93F
:10C16000102409E0002C0ADB0A220023F4F737F838
:10C17000039B30321A55641E50EA0102F2D1641C4E
:10C18000039AC4F111031444119A012A03D0012225
:10C1900008430DD10AE0084304D000204FF0110BF2
:10C1A000119072E7A3EB0B056D1E0DE05B4504DDFE
:10C1B0004FF0000205F1010504E003DA4FF0000240
:10C1C000A5F10105002AECD002981199C0E90231CD
:10C1D000C0E9004579E70000000014400000F03F8E
:10C1E000300000000000F0430000E03F2DE9FF4F69
:10C1F00095B09B468946064600250FE2252877D153
:10C2000000242746F84A0121059400E0044316F86B
:10C21000013F203B01FA03F01042F7D130782A2881
:10C2200011D06FF02F033078A0F13002092A16D810
:10C23000059A44F0020402EB820203EB420210442E
:10C24000761C0590EFE759F8042B0592002A03DAD3
:10C25000504244F40054059044F00204761C3078B7
:10C260002E2816D116F8010F44F004042A280DD008
:10C270006FF02F023078A0F13003092B09D807EBBB
:10C28000870302EB4303C718761CF3E759F8047BD6
:10C29000761C30786C280FD006DC4C2817D0682824
:10C2A0000DD06A2814D104E0742810D07A280FD158
:10C2B0000DE044F400140AE044F4801401E044F476
:10C2C00040147278824202D104F58014761C761CE8
:10C2D000307866280BD013DC582877D009DC00288A
:10C2E00075D04528F6D04628F4D047281AD19DE1CC
:10C2F00018E0632835D0642879D0652812D195E1FB
:10C30000702873D008DC6728F1D069286FD06E28B8
:10C310000DD06F2806D1B5E073282CD0752875D0C4
:10C32000782874D05A46179990476D1C75E1C4F36C
:10C330000250022809D003280DD0D9F80010042893
:10C340000DD00D6009F1040967E1D9F80010EA1772
:10C35000C1E90052F6E7D9F800100D80F2E70D7040
:10C36000F0E719F8041B8DF8001000208DF801008B
:10C37000EA46012003E059F804AB4FF0FF306107B3
:10C380004FF0000102D40DE008F101018846B942E6
:10C390000FDA8045F8DB1AF808100029F4D108E01C
:10C3A00008F1010188468142FADB1AF808100029D9
:10C3B000F6D105985B46A0EB080721463846179A48
:10C3C00000F094FA284400EB080507E04DE029E16D
:10C3D0000DE01AF8010B5A4617999047B8F1010879
:10C3E000F7D25B4621463846179A13E142E00A220B
:10C3F0000092C4F302524FF0000A022A08D059F802
:10C4000004CB032A4FEAEC710AD00DE029E02AE0C0
:10C4100009F1070121F00702F2E802C1914609E0A3
:10C420000FFA8CFC4FEAEC71042A03D14FFA8CFC12
:10C430004FEAEC71002907DA0A460021DCF1000C12
:10C4400061EB02012D2202E0220504D52B228DF89A
:10C450000420012203E0E20701D02022F7E7904602
:10C4600059E00A2102E010220DE010214FF0000AED
:10C4700000910BE010224FF0000A44F0040408275A
:10C48000009203E008224FF0000A0092C4F3025227
:10C49000022A05D059F804CB0021032A08D009E06C
:10C4A00009F1070121F00702F2E802C1914605E017
:10C4B0001FFA8CFC042A01D10CF0FF0C4FF000088D
:10C4C000220728D5702806D0009B83F0100353EA7A
:10C4D0000A0305D00EE040228DF80420012208E076
:10C4E0005CEA010206D030228DF804208DF80500A8
:10C4F00002229046009B83F0080353EA0A030AD104
:10C500005CEA010201D1620705D530228DF80420D2
:10C510004FF001087F1E582804D034A003900EA8C5
:10C5200002900DE036A0F9E753466046009AF3F713
:10C5300056FE84460398825C0298401E0290027068
:10C540005CEA0100F0D1029806A9081A00F1200A5D
:10C55000600702D524F4803400E00127574502DD4E
:10C56000A7EB0A0000E0002000EB0A01009005980C
:10C570004144401A0590E00306D45B462146179AD1
:10C58000059800F0B3F90544002706E001A85A46D3
:10C59000C05D179990476D1C7F1C4745F6DBE00393
:10C5A0000CD55B462146179A059800F09FF9054483
:10C5B00004E030205A46179990476D1C0099481E98
:10C5C00000900029F5DC08E0029802995A460078AC
:10C5D000491C0291179990476D1CBAF10001AAF10C
:10C5E000010AF1DC65E10000092801003031323335
:10C5F000343536373839616263646566000000009F
:10C600003031323334353637383941424344454688
:10C610000000000000F058F90544761C307800282E
:10C620007FF4ECAD19B02846BDE8F08F620700D466
:10C63000062709F1070222F0070CFCE80223E14675
:10C6400003F000485FEA080C02D00FF2702C0DE0F6
:10C650005FEA045C02D50FF2682C07E05FEAC47C55
:10C6600002D00FF2602C01E0AFF2700C4FF0FF38F7
:10C6700023F00043CDF850C065280CD006DC4528D7
:10C6800009D046281DD047283DD13DE0662818D066
:10C6900067287ED138E00021112F01DB112000E056
:10C6A000781CCDE9000106A90EA8FFF7DDFCDDE945
:10C6B0000F010E9A03910021009207F1010A0491E3
:10C6C0004DE04FF000400097CDE9011006A90EA8FB
:10C6D000FFF7CAFCDDE90F0203920E9B11990022BD
:10C6E000DDF80CA00093049211B9791C00EB010A4B
:10C6F000B7EB0A0004D4C0F1FF3007F1010A04903F
:10C70000AAEB0700019044E0012F00DA0127002185
:10C71000112F01DD112000E03846CDE9000106A906
:10C720000EA8FFF7A1FCDDE90F010E9A039100218D
:10C7300004910092BA4621070CD40399514500DABE
:10C740008A46BAF1010F05DD009AAAF10101515C98
:10C75000302908D0B84202DA10F1040F06DA0121BC
:10C76000CDE9011015E0AAF10101E9E7002805DC97
:10C77000049901440491AAEB000102E0411C5145D7
:10C7800000DD8A460499401A401C01904FF0004099
:10C790000290200704D40198504501DBCDF80480B5
:10C7A00000208DF84F0002980DF14F07B0F1004FB7
:10C7B00025D02B200E9002984FF0020800280CDAAA
:10C7C000404202902D200E9007E00A210298F3F7D4
:10C7D000F0FC3031029007F8011DB8F10001A8F11A
:10C7E0000108F2DC02980028EFD1791E0E9808703B
:10C7F000307800F0200040F0450007F8020D12A844
:10C80000C01B00F107081498007800B1012000EB6C
:10C810000A01019801EBE07105984144401A401E5D
:10C820000590E00306D45B462146179A059800F070
:10C830005DF805441498007818B15A461799904746
:10C840006D1CE00324D55B462146179A059800F03D
:10C850004DF805441CE00498002807DBDDE90301DE
:10C86000884203DD0098405C179901E01799302059
:10C870005A469047049805F10105401C0490019820
:10C88000401E019004D12E205A46179990476D1CE6
:10C89000BAF10001AAF1010ADDDC05E017F8010B8D
:10C8A0005A46179990476D1CB8F10001A8F101088C
:10C8B000F4DC5B462146179A0598ABE62D00000094
:10C8C0002B000000200000002DE9F0410446002567
:10C8D0001E461746880404D405E039462020B04798
:10C8E0006D1C641EF9D52846BDE8F0812DE9F041A4
:10C8F000044600251E469046C80301D5302700E0B7
:10C900002027880404D505E041463846B0476D1C11
:10C91000641EF9D52846BDE8F0814A68002A06D091
:10C920000A68531C0B6010704868401E48607047CE
:10C93000A55A0118000000000000000000000000DF
:10C9400000000000000000000000000000000000E7
:10C95000A55A040B000000000000000000000000C9
:10C9600000000000D9DE0008C4E10008E3E0000890
:10C97000E3E00008ABE2000875DE0008E3E0000831
:10C98000E3E00008E3E000085CE3000891E0000851
:10C99000E3E0000890D700085BD7000890D70008B4
:10C9A00090D70008C3E2000890D7000890D700088D
:10C9B00059DE000878D700088DE200080400000066
:10C9C000FFFFFFFF03000000FFFFFFFFFFFFFFFF70
:10C9D000000000000100000002000000050000004F
:10C9E000200021002200230024002500260027002B
:10C9F000280029002A002B002C002D002E002F00DB
:10CA0000300031003200330034003500360037008A
:10CA1000380039003A003B003C003D003E003F003A
:10CA200040004100420043004400450046004700EA
:10CA3000480049004A004B004C004D004E004F009A
:10CA4000500051005200530054005500560057004A
:10CA5000580059005A005B005C005D005E005F00FA
:10CA600060006100620063006400650066006700AA
:10CA7000680069006A006B006C006D006E006F005A
:10CA8000700071007200730074007500760077000A
:10CA9000780079007A007B007C007D007E00010434
:10CAA00010041104120413041404150416041704CA
:10CAB000180419041A041B041C041D041E041F047A
:10CAC000200421042204230424042504260427042A
:10CAD000280429042A042B042C042D042E042F04DA
:10CAE0005104300431043204330434043504360470
:10CAF0003704380439043A043B043C043D043E0442
:10CB00003F044004410442044304440445044604F1
:10CB10004704480449044A044B044C044D044E04A1
:10CB20004F04AB00B000B100B700BB00D7009403C6
:10CB3000C60314202220262039203A206121122207
:10CB40003F222B23C025B625642265228020812028
:10CB500082208320842085208620872088208920A9
:10CB600007060000C00000000806C000C00000006A
:10CB700009078001C00000000A084002C000000050
:10CB80000B090003C00000000C09C003C000000036
:10CB90000D0A8004C00000000E0B4005C00000001C
:10CBA000100C0006C0000000130EC006C0000000FC
:10CBB000140F8007C000000007064008C0000100F5
:10CBC00008060009C00001000907C009C0000100F3
:10CBD0000A08800AC00001000B09400BC0000100D8
:10CBE0000C09000CC00001000D0AC00CC0000100BF
:10CBF0000E0B800DC0000100100C400EC0000100A3
:10CC0000130E000FC0000100140FC00FC000010080
:10CC10000F1F1C0C0F084898370A1304110D000F42
:10CC2000322E0B0D054775370610032420000E0E1B
:10CC30004100550000000000020000004001E0013A
:10CC4000DDBF000829180008791C0008951C0008A1
:10CC5000291C0008650C00085DB0000859B00008E8
:10CC60002D1A0008200025002E003000310032006F
:10CC700033003400350036003700380039004100F9
:10CC80004300460048004B004C004F005200530048
:10CC90005400550010041104120413041404150464
:10CCA00016041704180419041A041B041C041D0498
:10CCB0001E041F0420042104220423042504260446
:10CCC000270428042B042C042D042E042F04000018
:10CCD000000000000000000000000000442A2A5468
:10CCE000B0A84800000000000000000000000002A2
:10CCF000000000000E11111111110E0000000000C3
:10CD0000080C0A0808080800000000000E111008AE
:10CD100004021F00000000000E11100C10110E0084
:10CD200000000000181412113F1010000000000055
:10CD30001E020F1110110E00000000000E110F1145
:10CD400011110E00000000001F0808040402020078
:10CD5000000000000E11110E11110E000000000065
:10CD60000E1111111E110E000000000008141422F3
:10CD70003E224100000000001C22020202221C0090
:10CD8000000000001E02020E02020200000000006D
:10CD90002222223E22222200000000004222120A09
:10CDA00016224200000000000202020202023E00BF
:10CDB000000000003C42424242423C0000000000B1
:10CDC0001E22221E12222200000000001C22021C31
:10CDD00020221C00000000003E0808080808080087
:10CDE000000000002222222222221C00000000005B
:10CDF000081414223E224100000000001E02021E00
:10CE000022221E00000000001E22223E22221E00BE
:10CE1000000000001E0202020202020000000000E8
:10CE20003C24242424227F41410000003E02023E93
:10CE300002023E0000000000939254385492110008
:10CE4000000000000E11100C10110E000000000078
:10CE500022322A2A2626220000001C0022322A2AF8
:10CE6000262622000000000022120A060A122200D2
:10CE7000000000003E2222222222210000000000A9
:10CE80004163554941414100000000002222223EF9
:10CE900022222200000000003C42424242423C006A
:10CEA000000000003E222222222222000000000078
:10CEB0001E22221E02020200000000001C220202AA
:10CEC00002221C00000000003E08080808080800B4
:10CED00000000000222214140808060000000000D0
:10CEE00022140808142241000000000022222222FD
:10CEF00022227E4040000000222222223C202000EC
:10CF000000000000929292929292FE0000000000B7
:10CF10004141414F51514F00000000000202021EEA
:10CF200022221E00000000001C22203820221C00AB
:10CF300000000000F20A0A0E0A0AF20000000000D7
:10CF40003C22223C242222000000000017000000A6
:10CF5000160000001800000015000000300100005D
:10CF6000560100007C010000970100003001000024
:10CF7000500100007101000091010000E4108319CC
:10CF80004231A340D38CE485E2F5CAF2E2F5E485B0
:10CF9000FC2C7CC342F47B24E4857CBB42F4E48516
:10CFA0007CBB42F442F4E4857CBB000042F47B2469
:10CFB0007CBB0000240028002C0030003400380026
:10CFC0003C004000440048004C0050005400580011
:10CFD0005C00600078007C008000840088008C0089
:10CFE0009000312F2E472701204931484F1A010A5E
:10CFF0004133011551490124434B414E4548013805
:10D0000049531101000000000000312F2E47270175
:10D01000204931484F1A010F4C45504512010F4924
:10D020000122445030010B43512A010D520C0100E2
:10D030000000312F2E472701204931484F1A010F98
:10D040004C45504512010F4C01134C18011F473D30
:10D0500001000000000000000000312F2E472701D2
:10D06000204931484F1A010F4C45504512010D43DC
:10D0700001113701114F34010000000000000000D1
:10D08000000000001A3212004B3212007A321200F5
:10D09000A8321200EF3212001633120017331200BA
:10D0A0003733120080331200B1331200F93312000B
:10D0B0004834120062341200633412006D341200DE
:10D0C000AE341200E1341200E2341200F7341200E0
:10D0D000483512009135120092351200B635120013
:10D0E000F93512004436120085361200D33612008C
:10D0F000183712006037120061371200993712009A
:10D10000E2371200353812004638120000000000E5
:10D11000000000000000000000000000000000000F
:10D12000000000004738120078381200A7381200BB
:10D13000D53812001C39120043391200443912004C
:10D1400064391200AD391200DE391200263A12009D
:10D15000753A12008F3A1200903A12009F3A12006C
:10D16000EB3A1200303B1200803B1200C53B12002C
:10D17000D73B1200D83B1200E73B1200303C1200B4
:10D18000313C1200533C1200973C1200E73C120065
:10D19000173D1200183D1200233D1200663D12009B
:10D1A000B73D1200E13D1200E23D1200EF3D1200DA
:10D1B000413E12004D3E1200000000000000000041
:10D1C000000000004E3E12007F3E1200AE3E1200F4
:10D1D000DC3E1200233F12004A3F12004B3F120078
:10D1E0006B3F1200B43F1200E53F12002D401200C9
:10D1F0007C4012009640120097401200A640120098
:10D20000F24012003741120087411200CC41120057
:10D21000DE411200DF411200EE4112003A421200DC
:10D220003B4212004E4212009A421200B2421200D9
:10D23000B3421200D24212001943120056431200A8
:10D2400000000000000000000000000000000000DE
:10D2500000000000000000000000000000000000CE
:10D26000000000005743120088431200B743120029
:10D27000E54312002C44120053441200544412009F
:10D2800074441200BD441200EE44120036451200F0
:10D29000854512009F451200A0451200AF451200BF
:10D2A000FB4512004046120090461200D54612007F
:10D2B000E7461200E8461200F54612003847120011
:10D2C000394712004A471200814712008247120074
:10D2D00093471200E24712001648120000000000B7
:10D2E000000000000000000000000000000000003E
:10D2F000000000000000000000000000000000002E
:10D300000000000000006F000DDB00086F006500EA
:10D3100015DA0008D4006A007CDA00083E015E00DD
:10D32000B3D800089C019400E7D9000830028C00B3
:10D33000A7DA0008BC028C006FDB00084803AD00D0
:10D340000ADA0008F50393009BDB000888048D00CF
:10D35000EBDA000815058B00EAD80008A0054F009D
:10D36000F0D70008EF054F0060D800083E065A00CD
:10D3700038DB000898065B009ADA0008F3064F00D5
:10D380002ED90008420750004ED9000892075A00D3
:10D39000C1D80008EC07740001DB000860089100A8
:10D3A000F6D80008F1087900C8D900086A096300B6
:10D3B00019DB0008CD097400DED80008410A7600A8
:10D3C00062DB0008B70A740057DB00082B0B7400FF
:10D3D00025D900089F0B7600B1DB0008150C7700FB
:10D3E00082D900088C0C760051DA0008020D760014
:10D3F0006BDA0008780D760045DB0008EE0D76004C
:10D40000CED80008640E75003ED90008D90E76000B
:10D41000D5D900084F0F760046D90008C50F750012
:10D420005ED900083A105F0011D7000899105F001C
:10D430001FD70008F810440000D900083C113F0035
:10D440006ED900087B113F005FDA0008BA11420074
:10D4500039DA0008FC11420024DA00083E124200CA
:10D460008ADA000880125000BADA0008D0124F00A1
:10D4700025DB00081F134900FCD90008020000004A
:10D48000050000000A000000140000003200000047
:10D4900064000000C8000000F4010000E803000080
:10D4A000D007000088130000140033002B00180080
:10D4B0007600330025000C00AA00330024000C0085
:10D4C0004200770027000F007500770027000F004B
:10D4D000A900770027000F00D900770027000F0070
:10D4E0000C016B0027000F003FDF000821DF000860
:10D4F0005DE000088ADE00086BD800088CD80008C0
:10D5000005E3000815DF000800FEFCFCFE00020435
:10D51000040200008DDF00081ADE00082FDC00087E
:10D5200086DF000861DC00084EDC000840DC0008F3
:10D5300052D6000875D6000883D600086AD60008BF
:10D540005FD6000820DE000893DF0008FCDD00083D
:10D5500068DF000827DE00089ADF00080BDE0008FD
:10D5600077DF0008F6D60008BEE6000865DF000891
:10D57000D6E60008F6D60008F6D6000834DC000827
:10D58000F6D60008BEE60008BEE600086DDC00081E
:10D59000F6D6000891D600086DDC000896E6000873
:10D5A000D6E6000840E0000865DF000832DC00082D
:10D5B00040E000086DDC00086DDC000891D6000832
:10D5C00091D60008A4D80008D5E10008B7E100080A
:10D5D000E2E10008B7E100085BDF000839DC000881
:10D5E0001EDD00080DDD0008F6DC000853E500082C
:10D5F00009E50008CBDB0008E3DC000843E0000895
:10D60000A3E10008BCDB000893D6000899D6000807
:10D610009ED6000864E6000848E6000855E60008C3
:10D620002A000000420000002B0000001E00000045
:10D630001E00000052000000070000003200000041
:10D6400075000000A2000000C3000000E60000001A
:10D650002100D09DD0B0D0B3D1802E2C202500D079
:10D6600097D0B0D0B42E2C202500D09CD0BED0B402
:10D670002E2C202500D09BD0B8D0BCD0B8D1822C85
:10D68000202500D0A2D0BED0BA2C202500257520A0
:10D6900025250028552F46290028534629002856BD
:10D6A000462900D092D18BD0B1D0B5D180D0B8D19D
:10D6B00082D0B520D187D0B0D181D18B20D0B8D045
:10D6C000BBD0B820D0BCD0B8D0BDD183D182D18B53
:10D6D00020D0B820D0B2D0B2D0B5D0B4D0B8D1829A
:10D6E000D0B520D0B4D0B2D0B520D186D0B8D184B6
:10D6F000D180D18B2E00D0BE2ED0B52E00D098D0A8
:10D70000BDD184D0BE2E00D09FD0A72D3130303077
:10D71000006A6F75726E616C2D7061676531006AA9
:10D720006F75726E616C2D706167653200D092D03A
:10D7300095D0A0D0A1D098D0AF20D09FD09E3A2035
:10D74000312E322E34004B6D6F64203D00496C69E0
:10D750006D203D0046726F74203D00D0A2D095D060
:10D760009CD09FD095D0A0D090D0A2D0A3D0A0D054
:10D770009DD0ABD095203E00D097D090D0A9D09826
:10D78000D0A2D0AB20D0A1D095D0A2D098203E007E
:10D79000D0A1D0A5D095D09CD09020D097D090D0BB
:10D7A0009CD095D0A9D095D09DD098D0AF203E00E8
:10D7B000D0A3D0B4D0B0D0BBD0B8D182D18C20D03F
:10D7C000BFD0BE20D0B4D0B0D182D18320252E309E
:10D7D0006620D0B2D0BAD0BBD18ED187D0B8D1829A
:10D7E000D0B5D0BBD18CD0BDD0BE3F00C2B04300BD
:10D7F0006772617068732D64714400D09ED0A8D0A8
:10D8000098D091D09AD09020464C41534800D09C5B
:10D81000D098D09AD0A0D09ED0A1D0A5D095D09CA1
:10D82000D09020464C41534800D0A1D0A2D098D0EF
:10D83000A0D090D09DD098D09520464C4153480020
:10D84000D09ED0A8D098D091D09AD09020D0A7D0F8
:10D85000A2D095D09DD098D0AF20464C41534800DF
:10D860006772617068732D64715100D09BD098D03D
:10D870009D2E20D09DD090D09FD0A0D0AFD096D05C
:10D8800095D09DD098D09520524D5300D0A4D090E3
:10D89000D097D09DD0ABD09920D0A2D09ED09A2046
:10D8A000524D5300552F4620434F4E5354002530C0
:10D8B0003258006469616C6F672D6B6579706164C3
:10D8C000006772617068732D737065656400686FBE
:10D8D0006D652D73656C6563742D6D6F6400686F85
:10D8E0006D652D636861726765006469616C6F675F
:10D8F0002D74696D650068656C702D686F6D6500CD
:10D90000706172616D732D6175746F2D646F6E65DA
:10D9100000252E2A6600252E306600252E31660051
:10D92000252E326600686F6D652D6F666600677222
:10D93000617068732D73706565642D736600686F20
:10D940006D652D736600686F6D652D756600677275
:10D95000617068732D73706565642D766600686FFD
:10D960006D652D766600256700252E336700706192
:10D9700072616D732D6175746F2D72756E6E696E47
:10D980006700686F6D652D726567756C6174696E8F
:10D990006700D09ED188D0B8D0B1D0BAD0B020D056
:10D9A000B7D0B0D0BFD0B8D181D0B820D0B6D18355
:10D9B000D180D0BDD0B0D0BBD0B020D0B2D0BE20AE
:10D9C000466C61736800690068656C702D6A6F75DC
:10D9D000726E616C00686F6D652D7461726765743D
:10D9E0002D657175616C006469616C6F672D706184
:10D9F0006E656C2D636F6E74726F6C007061726116
:10DA00006D732D73797374656D006469616C6F67F4
:10DA10002D726F6D006469616C6F672D636F6E6648
:10DA200069726D00706172616D732D636F6D6D75DC
:10DA30006E69636174696F6E00706172616D732DE0
:10DA400063616C6962726174696F6E007761726E96
:10DA500000686F6D652D72756E00696E666F00707F
:10DA60006172616D732D6175746F00686F6D652DE6
:10DA700073656C6563742D66726571006469616CB1
:10DA80006F672D66696C74657200706172616D7389
:10DA90002D696E7665727465720067726170687365
:10DAA0002D706F776572006469616C6F672D7061AE
:10DAB0006E656C2D6D6F746F7200706172616D7345
:10DAC0002D6D6F746F7200252E3066202573002532
:10DAD0002E3166202573002567202E2E2E202567E7
:10DAE00020257300E28094202573006469616C6FC7
:10DAF000672D73656E736F722D736368656D6573E3
:10DB00000068656C702D677261706873006469618C
:10DB10006C6F672D617869730068656C702D70613A
:10DB200072616D7300706172616D732D70726F74CC
:10DB3000656374696F6E73006772617068732D6CD2
:10DB4000696D697400686F6D652D73656C656374CC
:10DB50002D6C696D697400686F6D652D6661756CFB
:10DB60007400686F6D652D64656661756C74006422
:10DB700069616C6F672D70616E656C2D6F75747067
:10DB8000757400D0A1D09FD0A0D090D092D09AD060
:10DB90009020202575202F202575006469616C6F09
:10DBA000672D73656E736F722D646973706C617924
:10DBB00000686F6D652D726561647900D0ADD0BD70
:10DBC000D0BAD0BED0B4D0B5D18000D098D0BDD01E
:10DBD000B2D0B5D180D182D0BED18000D0A0D0B09B
:10DBE000D0B7D180D18FD0B420D187D0B5D180D05B
:10DBF000B5D0B720D0B8D0BDD0B2D0B5D180D18209
:10DC0000D0BED18000D09ED0A7D098D0A1D0A2D035
:10DC100098D0A2D0AC20D092D0A1D081002D252EBA
:10DC2000316620D18100256C7520D0BCD181005097
:10DC30002C20D0BAD092D18200D09DD0B5D1820014
:10DC4000D097D0B0D0B42E2C20D093D18600D0A1C4
:10DC5000D182D0B0D182D0BED1802C20D093D186B9
:10DC600000D0A0D0BED182D0BED1802C20D093D104
:10DC70008600D0A2D0B5D0BCD0BF2E2044432DD139
:10DC800088D0B8D0BDD18B00D09DD0B0D0BFD180CE
:10DC9000D18FD0B6D0B5D0BDD0B8D0B52044432DAB
:10DCA000D188D0B8D0BDD18B00D096D183D180D0CF
:10DCB000BDD0B0D0BB20D0B7D0B0D0BFD0BED0BBCD
:10DCC000D0BDD0B5D0BD203E39302520E280942093
:10DCD000D183D0BFD0B0D0BAD0BED0B2D0B0D18274
:10DCE000D18C00D094D0B2D0B8D0B3D0B0D182D043
:10DCF000B5D0BBD18C00D092D18BD0BFD180D18F89
:10DD0000D0BCD0B8D182D0B5D0BBD18C00D09DD002
:10DD1000B5D187D191D182D0BDD0B0D18F00D0A75D
:10DD2000D191D182D0BDD0B0D18F00D0B0D0B2D0FF
:10DD3000B0D180D0B8D18F00D09FD180D0BED0BF1D
:10DD4000D183D189D0B5D0BDD18B20D181D0BED0E7
:10DD5000B1D18BD182D0B8D18F00D09CD0BED0B4FD
:10DD6000D183D0BBD18FD186D0B8D18F00D0B8D0DD
:10DD7000BDD184D0BED180D0BCD0B0D186D0B8D1F6
:10DD80008F00D0A0D0B5D0B6D0B8D0BC20D183D031
:10DD9000BFD180D0B0D0B2D0BBD0B5D0BDD0B8D17B
:10DDA0008F00D0A2D0B5D0BCD0BF2E20D0B4D0B27E
:10DDB000D0B8D0B3D0B0D182D0B5D0BBD18F00D045
:10DDC000A2D0B5D0BCD0BF2E20D0B2D18BD0BFD185
:10DDD00080D18FD0BCD0B8D182D0B5D0BBD18F008C
:10DDE000D09DD0B5D0B2D0B5D180D0BDD0BED0B549
:10DDF00020D0B2D180D0B5D0BCD18F00496420D022
:10DE0000B7D0B0D0B42E2C20D09000497120D0B71C
:10DE1000D0B0D0B42E2C20D09000492C20D090002F
:10DE200049642C20D0900049712C20D09000D0A1C2
:10DE3000D098D0A1D0A2D095D09CD09020D093D013
:10DE40009ED0A2D09ED092D090005920D097D09250
:10DE5000D095D097D094D090003C20D094D090D042
:10DE60009DD09DD0ABD09520D0A8D098D09BD0ACE1
:10DE7000D094D09000D09AD090D09BD098D091D010
:10DE8000A0D09ED092D09AD09000D09DD090D09328
:10DE9000D0A0D0A3D097D09AD09000D0A3D09FD0BC
:10DEA00090D09AD09ED092D09AD09020D096D0A3E5
:10DEB000D0A0D09DD090D09BD09000D09ED0A7D0A5
:10DEC00098D0A1D0A2D09AD09020D096D0A3D0A0A4
:10DED000D09DD090D09BD09000D0A1D098D0A1D090
:10DEE000A2D095D09CD09000464C41534820D09D64
:10DEF000D09520D09ED091D09DD090D0A0D0A3D04E
:10DF000096D095D09DD09000D09ED0A2D09CD09598
:10DF1000D09DD09000444320D0A8D098D09DD090E0
:10DF200000D0A7D090D0A1D0A2D09ED0A2D09020D7
:10DF3000D0A1D0A2D090D0A2D09ED0A0D09000D01E
:10DF4000A7D090D0A1D0A2D09ED0A2D09020D0A017
:10DF5000D09ED0A2D09ED0A0D09000D094D095D00A
:10DF60009BD0ACD0A2D09000556420D0B7D0B0D018
:10DF7000B42E2C20D09200557120D0B7D0B0D0B4A0
:10DF80002E2C20D0920044432C20D09200552C20DF
:10DF9000D0920055642C20D0920055712C20D09244
:10DFA0000025733A20252E306620D09200D09ED0D6
:10DFB000A8D098D091D09AD0902043524320D0A09E
:10DFC000D095D0A1D0A3D0A0D0A1D09ED09200D087
:10DFD0009FD0A0D09ED092D095D0A0D09AD09020A3
:10DFE000D0A0D095D0A1D0A3D0A0D0A1D09ED092C7
:10DFF00000D09ED091D0A0D0ABD09220D097D0901E
:10E00000D09FD098D0A1D09820D0A0D095D0A1D02A
:10E01000A3D0A0D0A1D09ED09200D097D090D09F76
:10E02000D098D0A1D0AC20D0A0D095D0A1D0A3D0F2
:10E03000A0D0A1D09ED09200D093D09ED0A2D09E4E
:10E04000D09200D097D090D0A0D0AFD094202F20E5
:10E05000D0A0D090D097D0A0D0AFD09400D0A1D0F5
:10E060009AD09ED09BD0ACD096D095D09DD098D051
:10E070009500D090D092D0A2D09ED09ED09FD0A01C
:10E08000D095D094D095D09BD095D09DD098D09558
:10E0900000D0A2D095D09CD09FD095D0A0D090D0C9
:10E0A000A2D0A3D0A0D09DD0ABD09500D09ED0A8B8
:10E0B000D098D091D09AD09020D098D09DD098D0A0
:10E0C000A6D098D090D09BD098D097D090D0A6D002
:10E0D00098D09800D093D0A0D090D0A4D098D09AC7
:10E0E000D09800D097D090D0A9D098D0A2D0AB2013
:10E0F000D0A1D095D0A2D09800D094D098D0A1D063
:10E100009FD09BD095D09900D0A2D0A0D095D0A37D
:10E11000D093D09ED09BD0ACD09DD098D09A00D038
:10E120009FD0A3D0A1D09A00D096D0A3D0A0D09D4C
:10E13000D090D09B00D092D09AD09B00D092D0AB00
:10E14000D09AD09B00D0A8D098D09C00D09DD095DC
:10E15000D0A220D0A1D092D0AFD097D09820D0A17B
:10E1600020D09AD09ED09DD0A2D0A0D09ED09BD0BF
:10E170009BD095D0A0D09ED09C00D097D090D0932B
:10E18000D0A0D0A3D097D0A7D098D09A20554152F4
:10E190005420D094D09ED0A1D0A2D0A3D09FD0950F
:10E1A000D09D00D09FD0A3D0A1D09A202F20D0A165
:10E1B000D0A2D09ED09F00D092D095D09AD0A2D09D
:10E1C0009ED0A000D098D09DD092D095D0A0D0A2C3
:10E1D000D09ED0A000D0A1D09AD090D09BD0AFD06C
:10E1E000A000D0A1D098D09DD0A3D0A100D09ED027
:10E1F000A7D098D0A1D0A2D098D0A2D0AC20D09F48
:10E20000D09E20D094D090D0A2D0A300D0A3D0BFD5
:10E21000D0B0D0BAD0BED0B2D0BAD0B020D0B6D163
:10E2200083D180D0BDD0B0D0BBD0B0E280A600D02A
:10E23000A0D095D0A1D0A3D0A0D0A1D0AB20D09D0C
:10E24000D095D0A1D09ED092D09CD095D0A1D0A274
:10E25000D098D09CD0AB00D0A0D095D0A1D0A3D0E6
:10E26000A0D0A1D0AB20D09DD09520D09DD090D073
:10E2700099D094D095D09DD0AB00D09FD090D0A015
:10E28000D090D09CD095D0A2D0A0D0AB003C20D0D4
:10E29000A1D098D09BD09ED092D0ABD09520D097D3
:10E2A000D090D0A9D098D0A2D0AB00D0A1D092D09D
:10E2B000AFD097D0AC00D09CD09ED094D0A3D09BB0
:10E2C000D0AC00D09DD090D0A7D090D0A2D0AC0040
:10E2D000D0A1D09ED0A5D0A0D090D09DD098D0A2D3
:10E2E000D0AC00D09ED0A7D098D0A1D0A2D098D04A
:10E2F000A2D0AC00D0A7D081D0A2D09DD09ED0A17A
:10E30000D0A2D0AC00D090D09AD0A2D098D092D049
:10E310009DD090D0AF20D09CD09ED0A9D09DD09E33
:10E32000D0A1D0A2D0AC00D097D090D09AD0A0D01D
:10E33000ABD0A2D0AC00D090D09BD093D09ED0A038
:10E34000D098D0A2D09C20D0A3D09FD0A0D090D0E5
:10E3500092D09BD095D09DD098D0AF00D0A1D0A521
:10E36000D095D09CD09020D097D090D09CD095D0F4
:10E37000A9D095D09DD098D0AF00D09CD09ED094FD
:10E38000D0A3D09BD0AFD0A6D098D0AF00D092D1A0
:10E390008BD0B1D0BED18020D18DD0BDD0BAD0BE6F
:10E3A000D0B4D0B5D180D0B000D090D0B2D0B0D160
:10E3B00080D0B8D18F20D0BAD0BED0BDD182D1808C
:10E3C000D0BED0BBD0BBD0B5D180D0B000D09ED015
:10E3D000B6D0B8D0B4D0B0D0BDD0B8D0B520D0BAB7
:10E3E000D0BED0BDD182D180D0BED0BBD0BBD0B545
:10E3F000D180D0B000D0A2D0B5D0BCD0BF2E20D01C
:10E40000B8D0BDD0B2D0B5D180D182D0BED180D06D
:10E41000B000D0A7D0B0D181D182D0BED182D0B04F
:10E4200000D0A2D0B5D0BCD0BF2E20D0BFD180D0DC
:10E43000B5D0B4D0B7D0B0D180D18FD0B4D0B000E7
:10E44000D0A2D0BED0BA20D0BFD180D0B5D0B4D069
:10E45000B7D0B0D180D18FD0B4D0B000D0A1D1820C
:10E46000D0B8D180D0B0D0BDD0B8D0B5202F20D07A
:10E47000BFD0B5D180D0B5D0BDD0BED181202F20A6
:10E48000D0BFD180D0BED0B2D0B5D180D0BAD0B0BC
:10E4900000D0A3D181D182D0B0D0B2D0BAD0B00058
:10E4A000D09BD0B8D0BCD0B8D18220D182D0BED041
:10E4B000BAD0B000D0BDD0BED180D0BCD0B000D0DA
:10E4C000A3D0BFD0B0D0BAD0BED0B2D0BAD0B020D6
:10E4D000D0B7D0B0D0B2D0B5D180D188D0B5D0BD72
:10E4E000D0B000D0A1D0B2D18FD0B7D18C20D0B2D3
:10E4F000D0BED181D181D182D0B0D0BDD0BED0B27A
:10E50000D0BBD0B5D0BDD0B00044432DD188D0B859
:10E51000D0BDD0B000D098D0B7D0BCD0B5D180D0CD
:10E52000B5D0BDD0B8D0B520D0BFD0B0D180D0B09C
:10E53000D0BCD0B5D182D180D0BED0B200D093D0E3
:10E54000BED182D0BED0B200D097D0B0D180D18F12
:10E55000D0B400D09FD180D0B5D0B4D0B7D0B0D196
:10E5600080D18FD0B400D0A1D0B0D0BCD0BED181EA
:10E57000D182D0BED18FD182D0B5D0BBD18CD0BD0D
:10E58000D18BD0B920D180D0B0D0B7D180D18FD0AD
:10E59000B400D094D0B5D0B9D181D182D0B2D0B8A6
:10E5A000D0B500D092D18BD0B1D0BED180202F2059
:10E5B000D0B4D0B5D0B9D181D182D0B2D0B8D0B595
:10E5C00000D0A0D0B5D0B3D183D0BBD0B8D180D04B
:10E5D000BED0B2D0B0D0BDD0B8D0B500D0BFD0B5CD
:10E5E000D180D0B5D185D0BED0B4202F20D0BFD11E
:10E5F00080D0B5D0B4D183D0BFD180D0B5D0B6D083
:10E60000B4D0B5D0BDD0B8D0B500D09DD0B0D0BFBB
:10E61000D180D18FD0B6D0B5D0BDD0B8D0B520D1B3
:10E6200081D0B5D182D0B800D092D0BAD0BBD18E33
:10E63000D187D0B5D0BDD0B8D0B520D0BFD0B0D064
:10E64000BDD0B5D0BBD0B800D096D191D0BBD182CF
:10E65000D18BD0B900D0B7D0B5D0BBD191D0BDD17E
:10E660008BD0B900D0A1D0B8D0BDD0B8D0B900D02F
:10E670009FD183D181D0BA00256C7520D1812FD054
:10E68000B4D0B5D0BB00256C7520D0BCD1812FD0C3
:10E69000B4D0B5D0BB00252049D0BDD0BED0BC0081
:10E6A000D0A0D0B0D0B7D180D18FD0B420D0B7D047
:10E6B000B0D0B2D0B5D180D188D191D0BD00D0BE7C
:10E6C000D0B12FD0BCD0B8D0BD00D093D0BED182B5
:10E6D000D0BED0B2D0BE0000D0A3D0B4D0B0D0BB9A
:10E6E000D0B8D182D18C20D0B2D181D0B520D0B7D2
:10E6F000D0B0D0BFD0B8D181D0B83F0013021C0534
:10E700002002260320051C0216071A0728052407E5
:10E7100028031A032205240C180107020701200709
:10E72000200718072A072A072A072A0712011E0AA4
:10E7300010051901190119011A0120031703190302
:10E7400025032703230225022105230517021902A9
:10E750002A0B140512051B071B0724072503250395
:10E76000220322032505250522052205174812004C
:10E770002A4812002C481200484812004D48120046
:10E780006D4812006F481200954812009848120018
:10E79000B8481200BD481200D9481200DB481200E8
:10E7A000F1481200F84812001249120019491200EB
:10E7B00041491200464912006A491200714912008B
:10E7C000994912009C491200B6491200B949120039
:10E7D000DB491200E0491200044A1200104A1200FC
:10E7E000284A1200294A1200304A1200324A120006
:10E7F000394A12003A4A12005A4A1200614A12007B
:10E80000814A1200884A1200A04A1200A74A120048
:10E81000D14A1200D84A1200024B1200094B1200D2
:10E82000334B12003A4B1200644B12006B4B120038
:10E830007D4B12007E4B12009C4B1200A64B120027
:10E84000B64B1200BB4B1200D44B1200D54B12003A
:10E85000EE4B1200EF4B1200084C1200094C120054
:10E86000234C1200244C1200444C1200474C12005E
:10E870005E4C1200614C12007A4C12007D4C12006A
:10E88000A24C1200A54C1200CC4C1200CF4C12002E
:10E89000F24C1200F44C1200194D12001B4D1200E4
:10E8A0003C4D1200414D1200644D1200694D1200A2
:10E8B000804D1200824D12009B4D12009D4D1200A2
:10E8C000C74D1200D24D1200E64D1200EB4D120062
:10E8D000FD4D1200024E12001D4E1200244E120079
:10E8E0003F4E1200464E12006A4E1200714E120048
:10E8F000964E1200994E1200BE4E1200C14E1200EA
:10E90000E34E1200E64E1200084F12000B4F1200A9
:10E91000304F1200354F12005A4F12005F4F120055
:10E92000814F1200864F1200A84F12000000000015
:10E930000000000000008242000000000000C84209
:10E940000000FF0100000000000000000000C841BE
:10E950000000000000007A440000FF0200000000F8
:10E96000000000000000FA42000000000000964392
:10E970000000FF01000000000000000000005C43F8
:10E980000000C842000082435C000000000000005C
:10E9900000000000000048420000204200008C42BD
:10E9A0007E00000100000000000000000000A04206
:10E9B000000000000000C842A100000000000000AC
:10E9C00000000000000020410000803F0000C8421D
:10E9D0009B0001010000000000000000000040401A
:10E9E000000000000000C842BD000101000000005E
:10E9F00000000000000048430000803F00007A440F
:10EA0000E000010000000000000000000000B04035
:10EA10000AD7233C00401C469B0002020000000075
:10EA2000000000000000BE430000803F00401C4684
:10EA3000BD0002000000000000000000333333413D
:10EA40000AD7233C00401C46DF0002020000000001
:10EA500000000000000048420000803F00007A44AF
:10EA60000101020100000000000000000040B54468
:10EA70000000803F0050C347240102000000000056
:10EA800000000000000000400000803F0000C8427D
:10EA90004601020000000000000000000000B24239
:10EAA0000000803F0000C842680102010000000031
:10EAB00000000000F6285C3F000000000000803FDE
:10EAC0008A01020200000000000000000000A03FD8
:10EAD0000AD7233C000020415C0003020000000034
:10EAE000000000000000A03F0AD7233C00002041A6
:10EAF0008C00030200000000000000007B142E3F89
:10EB00000AD7233C00002041BC00030200000000A3
:10EB100000000000CDCC8C3F0AD7233C00002041F0
:10EB2000EC00030200000000000000009A99993FE9
:10EB30000AD7233C000020411C0103020000000012
:10EB4000000000000000803F0AD7233C0000204165
:10EB50004D010A0200000000000000000000803F9C
:10EB60000AD7233C000020417D010A02000000007A
:10EB7000000000000000803F0000803F000077435D
:10EB80007E00040000000000000000000000E147DB
:10EB90000000964400247449A00004000000000016
:10EBA0000000000000007A440000803F00606A47D7
:10EBB000E400040000000000000000000000803FAE
:10EBC0006F12833A00007A445C00050300000000E5
:10EBD000000000000000803F6F12833A00007A447A
:10EBE0007E00050300000000000000000000803FE0
:10EBF0006F12833A00007A44A00005030000000071
:10EC0000000000000000803F6F12833A00007A4449
:10EC1000C20005030000000000000000000000002A
:10EC200000007AC400007A44E400050300000000FC
:10EC3000000000000000C0C000401CC600401C4690
:10EC40000000FF0200000000000000000000C040C3
:10EC500000401CC600401C460000FF0200000000EF
:10EC6000000000000000000000401CC600401C46E0
:10EC70000000FF0200000000000000000000B4439C
:10EC800000401CC600401C460000FF0200000000BF
:10EC90000000000000000000000000000000C8426A
:10ECA0000000FF0100000000000000000000C8425A
:10ECB000000000000000C8420000FF01000000004A
:10ECC00000000000000000000000000000007A4486
:10ECD0000000FF0200000000000000000000C84229
:10ECE0000000000000007A440000FF020000000065
:10ECF00000000000000020410000000000009643DA
:10ED00000000FF010000000000000000000096432A
:10ED100000000000000096430000FF01000000001A
:10ED20000000000040017E4800000000F0FF714933
:10ED30000000FF0000000000000000003D0A573FF7
:10ED40006F12833A00007A4490000903000000002B
:10ED5000000000008FC2353F6F12833A00007A44F2
:10ED6000BC00090300000000000000009A998940DF
:10ED70006F12833A00401C46E800090300000000BF
:10ED8000000000009A9989406F12833A00401C46A7
:10ED900014010903000000000000000000000E4301
:10EDA0006F12833A00401C46400109030000000036
:10EDB0000000000000004643000000000000C843BF
:10EDC00000000B0100000000000000000000724382
:10EDD000000000000000C84300000B01000000001C
:10EDE0000000000000003443000000000000C843A1
:10EDF00000000B0100000000000000000000824342
:10EE0000000000000000C84300000B0100000000EB
:10EE10000000000000004442000000000000C84361
:10EE200000000B01000000000000000000004C4248
:10EE3000000000000000C84300000B0100000000BB
:10EE40000000000000003442000000000000C84341
:10EE500000000B01000000000000000000005C4208
:10EE6000000000000000C84300000B0190EE000805
:10EE7000000000207800000048C0000808EF0008EB
:10EE800078000020804D000058C0000800000000FD
:10EE9000630000006300000000127A000000000020
:10EEA000841A0020000000000000000000000000A4
:10EEB0000000000000000000000000000000000052
:10EEC0000000000000000000000000000000000042
:10EED0000000000000000000000000000000000032
:10EEE0000000000000000000000000000000000022
:10EEF0000000000000000000000000000000000012
:08EF000000000000FFFFFFFF0D
:04000005080000ED02
:00000001FF
